player,name,team,position,natural_position,club,league,age,pace,shooting,passing,dribbling,defending,physical,overall,vision,gk,caps,form,available
Julián Andrés Quiñones Quiñones,Julián Andrés Quiñones Quiñones,Mexico,ST,ST,Al Qadsiah FC,Pro League,28,88.0,79.0,70.0,79.0,36.0,83.0,80,74.0,10.0,8,80.0,1
Luis Ángel Malagón Velázquez,Luis Ángel Malagón Velázquez,Mexico,GK,GK,,nan,28,45.0,45.0,45.0,45.0,45.0,45.0,79,79.0,80.75,8,79.0,1
Santiago Tomás Giménez,Santiago Tomás Giménez,Mexico,ST,ST,AC Milan,Serie A,24,78.0,80.0,70.0,77.0,46.0,69.0,79,73.6,9.0,30,79.0,1
Roberto Carlos Alvarado Hernández,Roberto Carlos Alvarado Hernández,Mexico,RM,RM,,nan,26,81.0,71.0,78.0,76.0,53.0,69.0,78,78.0,12.25,8,78.0,1
Germán Berterame,Germán Berterame,Mexico,ST,ST,,nan,26,77.0,79.0,68.0,75.0,34.0,73.0,78,72.0,12.0,8,78.0,1
Hirving Rodrigo Lozano Bahena,Hirving Rodrigo Lozano Bahena,Mexico,LW,LW,San Diego FC,Major League Soccer,29,88.0,75.0,71.0,80.0,41.0,58.0,78,73.80000000000001,11.25,52,78.0,1
Erick Daniel Sánchez Ocegueda,Erick Daniel Sánchez Ocegueda,Mexico,CM,CM,,nan,25,74.0,75.0,77.0,73.0,75.0,72.0,78,77.4,10.75,8,78.0,1
Edson Omar Álvarez Velázquez,Edson Omar Álvarez Velázquez,Mexico,CDM,CDM,Fenerbahçe SK,Süper Lig,27,65.0,58.0,69.0,72.0,78.0,79.0,78,72.6,7.75,52,78.0,1
Ernesto Alexis Vega Rojas,Ernesto Alexis Vega Rojas,Mexico,LW,LW,,nan,27,80.0,78.0,77.0,80.0,32.0,73.0,78,77.4,7.75,8,78.0,1
Orbelín Pineda Alvarado,Orbelín Pineda Alvarado,Mexico,CAM,CAM,AEK Athens,Super League,29,81.0,74.0,72.0,81.0,68.0,69.0,77,74.0,12.25,8,77.0,1
Raúl Alonso Jiménez Rodríguez,Raúl Alonso Jiménez Rodríguez,Mexico,ST,ST,Fulham FC,Premier League,34,57.0,79.0,74.0,75.0,46.0,79.0,77,75.2,10.5,8,77.0,1
Diego Lainez Leyva,Diego Lainez Leyva,Mexico,RM,RM,,nan,25,80.0,66.0,70.0,82.0,52.0,53.0,76,72.4,10.75,8,76.0,1
Carlos Alberto Rodríguez Gómez,Carlos Alberto Rodríguez Gómez,Mexico,CAM,CAM,,nan,28,77.0,67.0,73.0,78.0,66.0,68.0,76,74.2,11.25,8,76.0,1
Jesús Daniel Gallardo Vasconcelos,Jesús Daniel Gallardo Vasconcelos,Mexico,LB,LB,,nan,30,83.0,67.0,70.0,75.0,69.0,75.0,75,72.0,9.75,8,75.0,1
Marcel Alejandro Ruiz Suárez,Marcel Alejandro Ruiz Suárez,Mexico,CM,CM,,nan,24,74.0,65.0,75.0,75.0,68.0,68.0,75,75.0,10.75,8,75.0,1
César Jasib Montes Castro,César Jasib Montes Castro,Mexico,CB,CB,,nan,28,57.0,46.0,60.0,63.0,74.0,79.0,75,66.0,9.25,8,75.0,1
Johan Felipe Vásquez Ibarra,Johan Felipe Vásquez Ibarra,Mexico,CB,CB,Genoa,Serie A,26,61.0,33.0,58.0,60.0,76.0,75.0,75,64.8,10.75,8,75.0,1
Julián Vicente Araujo Zúñiga,Julián Vicente Araujo Zúñiga,Mexico,RB,RB,AFC Bournemouth,Premier League,23,83.0,35.0,64.0,70.0,71.0,73.0,74,68.0,12.25,8,74.0,1
Jesús Gilberto Orozco Chiquete,Jesús Gilberto Orozco Chiquete,Mexico,CB,CB,,nan,23,65.0,30.0,51.0,43.0,77.0,71.0,73,59.8,9.5,8,73.0,1
Érik Antonio Lira Méndez,Érik Antonio Lira Méndez,Mexico,CDM,CDM,,nan,25,74.0,58.0,68.0,68.0,69.0,74.0,73,70.0,12.0,8,73.0,1
Jorge Eduardo Sánchez Ramos,Jorge Eduardo Sánchez Ramos,Mexico,RB,RB,,nan,27,84.0,50.0,63.0,71.0,69.0,78.0,73,67.0,9.75,8,73.0,1
José Raúl Rangel Aguilar,José Raúl Rangel Aguilar,Mexico,GK,GK,,nan,25,45.0,45.0,45.0,45.0,45.0,45.0,72,72.0,73.5,8,72.0,1
Mateo Chávez García,Mateo Chávez García,Mexico,LB,LB,AZ Alkmaar,Eredivisie,21,82.0,45.0,64.0,71.0,65.0,68.0,72,67.2,8.0,8,72.0,1
Carlos Agustín Moreno Luna,Carlos Agustín Moreno Luna,Mexico,GK,GK,,nan,27,45.0,45.0,45.0,45.0,45.0,45.0,72,72.0,73.0,8,72.0,1
Juan José Sánchez Purata,Juan José Sánchez Purata,Mexico,CB,CB,,nan,27,53.0,48.0,51.0,55.0,72.0,72.0,72,59.4,11.0,8,72.0,1
Rodrigo Jhossel Huescas Hurtado,Rodrigo Jhossel Huescas Hurtado,Mexico,RB,RB,FC København,Superliga,21,83.0,63.0,67.0,70.0,65.0,62.0,72,69.0,10.75,8,72.0,1
Siyabonga Ngezana,Siyabonga Ngezana,South Africa,CB,CB,FCSB,Liga I,27,75.0,37.0,48.0,60.0,74.0,79.0,73,58.0,12.0,8,73.0,1
Gift Links,Gift Links,South Africa,LB,LB,Aarhus Gymnastikforening,Superliga,26,87.0,56.0,67.0,74.0,64.0,68.0,72,69.0,9.25,8,72.0,1
Lyle Brent Foster,Lyle Brent Foster,South Africa,ST,ST,Burnley,Premier League,24,81.0,72.0,61.0,69.0,36.0,73.0,72,65.4,8.0,8,72.0,1
Bongokuhle Hlongwane,Bongokuhle Hlongwane,South Africa,RB,RB,Minnesota United FC,Major League Soccer,25,80.0,67.0,60.0,72.0,66.0,70.0,71,64.4,11.25,8,71.0,1
Kobamelo Kodisang,Kobamelo Kodisang,South Africa,RM,RM,AVS Futebol SAD,Primeira Liga,25,84.0,67.0,61.0,70.0,28.0,47.0,68,63.800000000000004,11.75,8,68.0,1
Ime Okon,Ime Okon,South Africa,CB,CB,Hannover 96,2. Bundesliga,21,77.0,30.0,44.0,59.0,68.0,70.0,67,53.2,10.25,8,67.0,1
Moegamat Yusuf Maart,Moegamat Yusuf Maart,South Africa,CM,CM,SV Ried,Bundesliga,29,73.0,57.0,67.0,67.0,53.0,51.0,67,67.0,13.0,8,67.0,1
Luke Gareth Le Roux,Luke Gareth Le Roux,South Africa,CM,CM,Portsmouth,Championship,25,62.0,59.0,62.0,67.0,60.0,71.0,66,63.599999999999994,12.5,8,66.0,1
Sphephelo Sithole,Sphephelo Sithole,South Africa,CDM,CDM,CD Tondela,Primeira Liga,26,64.0,53.0,59.0,61.0,64.0,74.0,65,61.4,11.25,8,65.0,1
Shandre Miguel Campbell,Shandre Miguel Campbell,South Africa,LW,LW,Club Brugge KV,Pro League,19,80.0,59.0,57.0,71.0,22.0,51.0,65,60.199999999999996,9.5,8,65.0,1
Mohau Nkota,Mohau Nkota,South Africa,RW,RW,Al Ettifaq,Pro League,20,91.0,59.0,52.0,66.0,23.0,46.0,64,56.8,10.0,8,64.0,1
Samukelo Kabini,Samukelo Kabini,South Africa,LB,LB,Molde FK,Eliteserien,21,71.0,29.0,54.0,60.0,59.0,60.0,63,57.6,10.5,8,63.0,1
Antonio van Wyk,Antonio van Wyk,South Africa,LW,LW,SV Ried,Bundesliga,23,76.0,59.0,56.0,61.0,31.0,54.0,62,58.400000000000006,8.75,8,62.0,1
Kgaogelo Chauke,Kgaogelo Chauke,South Africa,CM,CM,Burton Albion,League One,22,71.0,56.0,58.0,64.0,56.0,62.0,61,59.2,9.25,8,61.0,1
Olwethu Makhanya,Olwethu Makhanya,South Africa,CB,CB,Philadelphia Union,Major League Soccer,21,74.0,32.0,42.0,44.0,56.0,64.0,57,48.0,10.25,8,57.0,1
Elias Mokwana,Elias Mokwana,South Africa,RW,RW,Al Hazem FC,Pro League,25,61.0,53.0,42.0,56.0,23.0,41.0,51,45.6,12.25,8,51.0,1
Heung-min Son,Heung-min Son,South Korea,LW,LW,Los Angeles FC,Major League Soccer,32,84.0,84.0,81.0,83.0,42.0,73.0,85,82.6,10.0,52,85.0,1
Min-jae Kim,Min-jae Kim,South Korea,CB,CB,FC Bayern München,Bundesliga,28,73.0,33.0,58.0,63.0,83.0,84.0,82,67.6,11.25,52,82.0,1
Kang-in Lee,Kang-in Lee,South Korea,RW,RW,Paris Saint-Germain,Ligue 1,24,72.0,75.0,80.0,82.0,50.0,64.0,79,79.6,11.25,30,79.0,1
In-beom Hwang,In-beom Hwang,South Korea,CM,CM,Feyenoord,Eredivisie,28,62.0,70.0,76.0,77.0,63.0,65.0,77,76.4,9.0,8,77.0,1
Jae-sung Lee,Jae-sung Lee,South Korea,CAM,CAM,1. FSV Mainz 05,Bundesliga,32,72.0,71.0,72.0,81.0,63.0,66.0,77,74.0,8.75,30,77.0,1
Dong-gyeong Lee,Dong-gyeong Lee,South Korea,CAM,CAM,Gimcheon Sangmu FC,K League 1,27,77.0,75.0,73.0,75.0,59.0,76.0,75,73.8,7.5,8,75.0,1
Hee-chan Hwang,Hee-chan Hwang,South Korea,ST,ST,Wolverhampton Wanderers,Premier League,29,81.0,75.0,70.0,75.0,39.0,68.0,75,72.0,11.0,8,75.0,1
Hyeon-woo Jo,Hyeon-woo Jo,South Korea,GK,GK,Ulsan HD FC,K League 1,33,45.0,45.0,45.0,45.0,45.0,45.0,75,75.0,75.25,8,75.0,1
Bum-keun Song,Bum-keun Song,South Korea,GK,GK,Jeonbuk Hyundai Motors,K League 1,27,45.0,45.0,45.0,45.0,45.0,45.0,74,74.0,73.25,8,74.0,1
Chang-geun Lee,Chang-geun Lee,South Korea,GK,GK,Daejeon Citizen,K League 1,31,45.0,45.0,45.0,45.0,45.0,45.0,74,74.0,74.0,8,74.0,1
Min-kyu Joo,Min-kyu Joo,South Korea,ST,ST,Daejeon Citizen,K League 1,35,62.0,75.0,56.0,69.0,46.0,79.0,74,63.2,13.0,8,74.0,1
Hyeon-seok Hong,Hyeon-seok Hong,South Korea,CAM,CAM,FC Nantes,Ligue 1,26,72.0,70.0,72.0,76.0,66.0,65.0,73,72.4,11.25,8,73.0,1
Woo-yeong Jeong,Woo-yeong Jeong,South Korea,CAM,CAM,1. FC Union Berlin,Bundesliga,25,76.0,62.0,68.0,78.0,36.0,60.0,73,70.0,8.0,8,73.0,1
Jin-woo Jeon,Jin-woo Jeon,South Korea,RW,RW,Jeonbuk Hyundai Motors,K League 1,25,89.0,67.0,56.0,75.0,35.0,60.0,72,62.400000000000006,8.5,8,72.0,1
Seung-ho Paik,Seung-ho Paik,South Korea,CDM,CDM,Birmingham City,Championship,28,67.0,67.0,70.0,73.0,66.0,75.0,72,70.8,10.5,8,72.0,1
Bong-soo Kim,Bong-soo Kim,South Korea,CDM,CDM,Daejeon Citizen,K League 1,25,67.0,58.0,63.0,65.0,68.0,79.0,72,66.6,12.75,8,72.0,1
Seung-wook Park,Seung-wook Park,South Korea,CB,CB,Pohang Steelers,K League 1,28,76.0,42.0,64.0,64.0,69.0,81.0,71,66.8,10.0,8,71.0,1
Jin-seob Park,Jin-seob Park,South Korea,CB,CB,Jeonbuk Hyundai Motors,K League 1,29,70.0,54.0,60.0,62.0,69.0,84.0,71,64.4,9.5,8,71.0,1
Seung-beom Ko,Seung-beom Ko,South Korea,CM,CM,Ulsan HD FC,K League 1,31,73.0,60.0,68.0,72.0,67.0,78.0,71,69.2,10.25,8,71.0,1
Ui-jo Hwang,Ui-jo Hwang,South Korea,ST,ST,Alanyaspor,Süper Lig,32,77.0,72.0,63.0,72.0,42.0,71.0,71,66.2,9.25,8,71.0,1
Young-gwon Kim,Young-gwon Kim,South Korea,CB,CB,Ulsan HD FC,K League 1,35,64.0,44.0,65.0,58.0,68.0,76.0,70,67.0,13.25,8,70.0,1
Jae-won Hwang,Jae-won Hwang,South Korea,RB,RB,Daegu FC,K League 1,22,79.0,46.0,62.0,70.0,65.0,80.0,70,65.19999999999999,11.5,8,70.0,1
Ji-su Park,Ji-su Park,South Korea,CB,CB,Wuhan Three Towns,Super League,31,69.0,48.0,55.0,59.0,70.0,75.0,70,61.0,11.25,8,70.0,1
Kyung-won Kwon,Kyung-won Kwon,South Korea,CB,CB,FC Anyang,K League 1,33,64.0,41.0,61.0,61.0,68.0,79.0,70,64.6,13.0,8,70.0,1
Min-kwang Jeon,Min-kwang Jeon,South Korea,CB,CB,Pohang Steelers,K League 1,32,75.0,51.0,58.0,57.0,68.0,80.0,70,62.8,11.5,8,70.0,1
Seung-hyun Jung,Seung-hyun Jung,South Korea,CB,CB,Ulsan HD FC,K League 1,31,44.0,33.0,52.0,45.0,70.0,80.0,70,59.2,12.5,8,70.0,1
Patrik Schick,Patrik Schick,Czech Republic,ST,ST,Bayer 04 Leverkusen,Bundesliga,29,72.0,83.0,71.0,81.0,38.0,77.0,85,76.6,12.25,52,85.0,1
Ladislav Krejčí,Ladislav Krejčí,Czech Republic,CB,CB,Wolverhampton Wanderers,Premier League,26,72.0,68.0,68.0,69.0,76.0,84.0,78,72.0,8.5,8,78.0,1
Tomáš Souček,Tomáš Souček,Czech Republic,CDM,CDM,West Ham United,Premier League,30,45.0,72.0,71.0,68.0,78.0,82.0,78,73.80000000000001,9.5,30,78.0,1
Lukáš Provod,Lukáš Provod,Czech Republic,CAM,CAM,SK Slavia Praha,První liga,28,76.0,75.0,78.0,78.0,64.0,82.0,78,78.0,10.25,8,78.0,1
Václav Černý,Václav Černý,Czech Republic,RM,RM,Beşiktaş JK,Süper Lig,27,85.0,72.0,69.0,77.0,39.0,64.0,77,72.2,10.75,8,77.0,1
Adam Hložek,Adam Hložek,Czech Republic,ST,ST,TSG 1899 Hoffenheim,Bundesliga,22,78.0,78.0,72.0,77.0,31.0,79.0,77,74.0,10.5,8,77.0,1
Pavel Šulc,Pavel Šulc,Czech Republic,CAM,CAM,Olympique Lyonnais,Ligue 1,24,71.0,73.0,74.0,77.0,39.0,64.0,77,75.2,11.75,8,77.0,1
Michal Sadílek,Michal Sadílek,Czech Republic,CDM,CDM,SK Slavia Praha,První liga,26,53.0,58.0,75.0,71.0,72.0,79.0,76,75.4,12.75,8,76.0,1
Tomáš Holeš,Tomáš Holeš,Czech Republic,CB,CB,SK Slavia Praha,První liga,32,74.0,58.0,69.0,69.0,75.0,80.0,76,71.8,9.25,8,76.0,1
Jindřich Staněk,Jindřich Staněk,Czech Republic,GK,GK,SK Slavia Praha,První liga,29,45.0,45.0,45.0,45.0,45.0,45.0,76,76.0,74.75,8,76.0,1
Antonín Barák,Antonín Barák,Czech Republic,CM,CM,Sampdoria,Serie B,30,69.0,74.0,76.0,75.0,64.0,73.0,75,75.6,13.0,8,75.0,1
Tomáš Chorý,Tomáš Chorý,Czech Republic,ST,ST,SK Slavia Praha,První liga,30,57.0,75.0,60.0,64.0,32.0,88.0,75,66.0,8.25,8,75.0,1
Antonín Kinský,Antonín Kinský,Czech Republic,GK,GK,Tottenham Hotspur,Premier League,22,45.0,45.0,45.0,45.0,45.0,45.0,75,75.0,75.25,8,75.0,1
Pavel Bucha,Pavel Bucha,Czech Republic,CM,CM,FC Cincinnati,Major League Soccer,27,71.0,70.0,74.0,76.0,69.0,71.0,75,74.4,9.75,8,75.0,1
Martin Jedlička,Martin Jedlička,Czech Republic,GK,GK,Viktoria Plzeň,První liga,27,45.0,45.0,45.0,45.0,45.0,45.0,75,75.0,75.0,8,75.0,1
Pavel Kadeřábek,Pavel Kadeřábek,Czech Republic,RB,RB,Sparta Praha,První liga,33,66.0,45.0,70.0,70.0,71.0,75.0,74,71.6,10.25,8,74.0,1
Filip Panák,Filip Panák,Czech Republic,CB,CB,Sparta Praha,První liga,29,70.0,53.0,68.0,69.0,73.0,77.0,74,70.4,9.75,8,74.0,1
David Zima,David Zima,Czech Republic,CB,CB,SK Slavia Praha,První liga,24,76.0,38.0,54.0,62.0,75.0,75.0,74,62.0,9.25,8,74.0,1
Martin Vitík,Martin Vitík,Czech Republic,CB,CB,Bologna,Serie A,22,73.0,39.0,56.0,62.0,74.0,75.0,74,63.2,11.25,8,74.0,1
Jan Bořil,Jan Bořil,Czech Republic,CB,CB,SK Slavia Praha,První liga,34,65.0,62.0,69.0,68.0,72.0,79.0,74,71.0,11.0,8,74.0,1
Matěj Šín,Matěj Šín,Czech Republic,CAM,CAM,AZ Alkmaar,Eredivisie,21,71.0,65.0,72.0,77.0,51.0,69.0,74,72.8,9.5,8,74.0,1
Václav Jemelka,Václav Jemelka,Czech Republic,CB,CB,Viktoria Plzeň,První liga,30,66.0,49.0,65.0,68.0,73.0,77.0,74,68.6,10.25,8,74.0,1
Matěj Vydra,Matěj Vydra,Czech Republic,ST,ST,Viktoria Plzeň,První liga,33,76.0,72.0,66.0,72.0,36.0,68.0,74,69.2,12.25,8,74.0,1
Vasil Kušej,Vasil Kušej,Czech Republic,LW,LW,SK Slavia Praha,První liga,25,78.0,68.0,67.0,78.0,24.0,61.0,74,69.8,12.5,8,74.0,1
Mojmír Chytil,Mojmír Chytil,Czech Republic,ST,ST,SK Slavia Praha,První liga,26,73.0,72.0,55.0,68.0,29.0,81.0,74,62.6,8.0,8,74.0,1
David Jurásek,David Jurásek,Czech Republic,LB,LB,Beşiktaş JK,Süper Lig,24,83.0,61.0,68.0,72.0,67.0,74.0,73,70.0,8.0,8,73.0,1
Alphonso Boyle Davies,Alphonso Boyle Davies,Canada,LB,LB,FC Bayern München,Bundesliga,24,94.0,66.0,78.0,85.0,74.0,76.0,84,80.4,10.25,52,84.0,1
Jonathan Christian David,Jonathan Christian David,Canada,ST,ST,Juventus,Serie A,25,81.0,82.0,71.0,80.0,34.0,78.0,82,75.4,7.0,52,82.0,1
Alistair William Johnston,Alistair William Johnston,Canada,RB,RB,Celtic,Premiership,26,82.0,59.0,73.0,72.0,73.0,80.0,78,75.0,9.75,8,78.0,1
Milan BorjanMa opja,Milan BorjanMa opja,Canada,GK,GK,Al Riyadh,Pro League,37,45.0,45.0,45.0,45.0,45.0,45.0,78,78.0,77.0,8,78.0,1
Stephen Antunes Eustáquio,Stephen Antunes Eustáquio,Canada,CDM,CDM,FC Porto,Primeira Liga,28,66.0,67.0,76.0,73.0,73.0,74.0,77,76.4,7.25,8,77.0,1
Cyle Christopher Larin,Cyle Christopher Larin,Canada,ST,ST,Feyenoord,Eredivisie,30,70.0,77.0,68.0,71.0,28.0,78.0,77,71.6,10.0,8,77.0,1
Moïse Bombito Lumpungu,Moïse Bombito Lumpungu,Canada,CB,CB,OGC Nice,Ligue 1,25,93.0,49.0,58.0,65.0,75.0,76.0,76,65.2,7.75,8,76.0,1
Promise Oluwatobi Emmanuel David,Promise Oluwatobi Emmanuel David,Canada,ST,ST,Union Saint-Gilloise,Pro League,23,62.0,78.0,59.0,64.0,29.0,84.0,75,65.4,9.75,8,75.0,1
Derek Austin Cornelius,Derek Austin Cornelius,Canada,CB,CB,Rangers FC,Premiership,27,67.0,45.0,55.0,57.0,71.0,85.0,74,62.6,9.0,8,74.0,1
Tajon Trevor Buchanan,Tajon Trevor Buchanan,Canada,RM,RM,Villarreal CF,La Liga,26,90.0,65.0,66.0,74.0,67.0,73.0,74,69.2,9.25,8,74.0,1
Dayne Tristan St. Clair,Dayne Tristan St. Clair,Canada,GK,GK,Minnesota United FC,Major League Soccer,28,45.0,45.0,45.0,45.0,45.0,45.0,73,73.0,72.5,8,73.0,1
Liam Alan Millar,Liam Alan Millar,Canada,LM,LM,Hull City,Championship,25,85.0,66.0,66.0,75.0,52.0,59.0,72,68.4,9.5,8,72.0,1
Ismaël Kenneth Jordan Koné,Ismaël Kenneth Jordan Koné,Canada,CM,CM,Sassuolo,Serie A,23,78.0,63.0,68.0,71.0,64.0,69.0,72,69.6,9.0,8,72.0,1
Richmond Mamah Laryea,Richmond Mamah Laryea,Canada,RM,RM,Toronto FC,Major League Soccer,30,81.0,61.0,65.0,74.0,64.0,71.0,72,67.8,10.0,8,72.0,1
Jonathan Osorio,Jonathan Osorio,Canada,CM,CM,Toronto FC,Major League Soccer,33,50.0,67.0,70.0,72.0,61.0,65.0,71,70.4,11.75,8,71.0,1
Thelonius Alston Bradley Bair,Thelonius Alston Bradley Bair,Canada,ST,ST,FC Lausanne-Sport,Super League,25,75.0,68.0,51.0,65.0,29.0,80.0,71,59.0,11.25,8,71.0,1
Kamal Anthony Miller,Kamal Anthony Miller,Canada,CB,CB,Portland Timbers,Major League Soccer,28,75.0,48.0,59.0,63.0,68.0,81.0,71,63.8,9.5,8,71.0,1
Niko Kristian Sigur,Niko Kristian Sigur,Canada,RB,RB,Hajduk Split,Hrvatska nogometna liga,21,71.0,61.0,68.0,73.0,62.0,68.0,70,68.8,11.25,8,70.0,1
Tanitoluwa Oluwatimikhin Oluwaseyi,Tanitoluwa Oluwatimikhin Oluwaseyi,Canada,ST,ST,Villarreal CF,La Liga,25,85.0,71.0,54.0,66.0,31.0,67.0,70,60.4,9.75,8,70.0,1
Maxime Crépeau,Maxime Crépeau,Canada,GK,GK,Portland Timbers,Major League Soccer,31,45.0,45.0,45.0,45.0,45.0,45.0,69,69.0,69.5,8,69.0,1
David Junior Wayne Hoilett,David Junior Wayne Hoilett,Canada,LM,LM,Hibernian,Premiership,35,72.0,66.0,67.0,72.0,57.0,65.0,69,67.8,10.25,8,69.0,1
Samuel Piette,Samuel Piette,Canada,CDM,CDM,CF Montréal,Major League Soccer,30,57.0,22.0,55.0,55.0,68.0,78.0,69,60.6,10.25,8,69.0,1
Iké Dominique Ugbo,Iké Dominique Ugbo,Canada,ST,ST,Sheffield Wednesday,Championship,26,75.0,67.0,58.0,68.0,29.0,70.0,69,62.4,12.0,8,69.0,1
Samuel Ayomide Adekugbe,Samuel Ayomide Adekugbe,Canada,LB,LB,Vancouver Whitecaps FC,Major League Soccer,30,83.0,50.0,60.0,70.0,60.0,75.0,68,63.2,11.25,8,68.0,1
Joel Robert Waterman,Joel Robert Waterman,Canada,CB,CB,Chicago Fire,Major League Soccer,29,43.0,42.0,58.0,50.0,68.0,74.0,68,62.0,8.75,8,68.0,1
Kyle Anthony Hiebert,Kyle Anthony Hiebert,Canada,CB,CB,St. Louis CITY SC,Major League Soccer,27,68.0,25.0,47.0,54.0,66.0,75.0,67,55.0,12.75,8,67.0,1
Edin Džeko,Edin Džeko,Bosnia-Herzegovina,ST,ST,Fiorentina,Serie A,39,55.0,82.0,74.0,77.0,40.0,72.0,81,76.8,12.5,52,81.0,1
Ermedin Demirović,Ermedin Demirović,Bosnia-Herzegovina,ST,ST,VfB Stuttgart,Bundesliga,27,72.0,81.0,73.0,78.0,42.0,78.0,80,75.8,7.5,30,80.0,1
Sead Kolašinac,Sead Kolašinac,Bosnia-Herzegovina,CB,CB,Atalanta,Serie A,32,61.0,63.0,68.0,69.0,79.0,82.0,79,72.4,10.0,30,79.0,1
Edin Višća,Edin Višća,Bosnia-Herzegovina,RM,RM,Trabzonspor,Süper Lig,35,82.0,76.0,75.0,80.0,47.0,65.0,78,76.2,12.5,8,78.0,1
Nikola Vasilj,Nikola Vasilj,Bosnia-Herzegovina,GK,GK,FC St. Pauli,Bundesliga,29,45.0,45.0,45.0,45.0,45.0,45.0,77,77.0,76.25,8,77.0,1
Haris Hajradinović,Haris Hajradinović,Bosnia-Herzegovina,CM,CM,Kasımpaşa SK,Süper Lig,31,73.0,74.0,79.0,76.0,56.0,69.0,76,77.8,10.0,8,76.0,1
Miroslav Stevanović,Miroslav Stevanović,Bosnia-Herzegovina,RM,RM,Servette FC,Super League,34,78.0,70.0,75.0,73.0,39.0,71.0,75,75.0,12.0,30,75.0,1
Anel Ahmedhodžić,Anel Ahmedhodžić,Bosnia-Herzegovina,CB,CB,Feyenoord,Eredivisie,26,72.0,41.0,59.0,61.0,74.0,78.0,74,65.0,9.25,8,74.0,1
Amar Dedić,Amar Dedić,Bosnia-Herzegovina,RB,RB,SL Benfica,Primeira Liga,22,83.0,60.0,70.0,76.0,66.0,76.0,74,71.6,10.0,8,74.0,1
Haris Tabaković,Haris Tabaković,Bosnia-Herzegovina,ST,ST,Borussia Mönchengladbach,Bundesliga,31,60.0,73.0,52.0,65.0,29.0,80.0,73,60.400000000000006,11.25,8,73.0,1
Amir Hadžiahmetović,Amir Hadžiahmetović,Bosnia-Herzegovina,CDM,CDM,Hull City,Championship,28,65.0,60.0,73.0,72.0,70.0,73.0,73,73.0,12.5,8,73.0,1
Amar Memić,Amar Memić,Bosnia-Herzegovina,RM,RM,Viktoria Plzeň,První liga,24,81.0,69.0,68.0,73.0,48.0,61.0,72,69.6,10.25,8,72.0,1
Denis Huseinbašić,Denis Huseinbašić,Bosnia-Herzegovina,CM,CM,1. FC Köln,Bundesliga,23,67.0,62.0,65.0,73.0,64.0,71.0,72,67.8,9.75,8,72.0,1
Armin Gigović,Armin Gigović,Bosnia-Herzegovina,CM,CM,BSC Young Boys,Super League,23,65.0,61.0,70.0,74.0,60.0,74.0,72,70.8,10.75,8,72.0,1
Leon Adrian Barišić,Leon Adrian Barišić,Bosnia-Herzegovina,CB,CB,FC Basel 1893,Super League,24,56.0,27.0,45.0,41.0,74.0,77.0,72,55.8,9.5,8,72.0,1
Elvis Sarić,Elvis Sarić,Bosnia-Herzegovina,CM,CM,Qingdao Hainiu FC,Super League,34,64.0,63.0,71.0,70.0,63.0,75.0,71,71.0,9.75,8,71.0,1
Milan Đurić,Milan Đurić,Bosnia-Herzegovina,ST,ST,Parma,Serie A,35,33.0,71.0,55.0,61.0,32.0,82.0,71,61.400000000000006,7.5,8,71.0,1
Asmir Begović,Asmir Begović,Bosnia-Herzegovina,GK,GK,Leicester City,Championship,38,45.0,45.0,45.0,45.0,45.0,45.0,70,70.0,70.0,8,70.0,1
Jusuf Gazibegović,Jusuf Gazibegović,Bosnia-Herzegovina,RB,RB,1. FC Köln,Bundesliga,25,74.0,43.0,66.0,70.0,68.0,65.0,70,67.6,10.75,8,70.0,1
Tarik Muharemović,Tarik Muharemović,Bosnia-Herzegovina,CB,CB,Sassuolo,Serie A,22,59.0,23.0,47.0,56.0,73.0,67.0,70,56.2,8.5,8,70.0,1
Dennis Hadžikadunić,Dennis Hadžikadunić,Bosnia-Herzegovina,CB,CB,Sampdoria,Serie B,26,61.0,30.0,49.0,54.0,69.0,76.0,70,57.4,9.5,8,70.0,1
Vladan Kovačević,Vladan Kovačević,Bosnia-Herzegovina,GK,GK,Norwich City,Championship,27,45.0,45.0,45.0,45.0,45.0,45.0,70,70.0,70.75,8,70.0,1
Kenan Kodro,Kenan Kodro,Bosnia-Herzegovina,ST,ST,Real Zaragoza,La Liga 2,31,44.0,71.0,62.0,65.0,40.0,71.0,70,65.19999999999999,9.75,8,70.0,1
Nikola Katić,Nikola Katić,Bosnia-Herzegovina,CB,CB,FC Schalke 04,2. Bundesliga,28,51.0,35.0,45.0,53.0,68.0,79.0,69,54.6,10.75,8,69.0,1
Luka Kulenović,Luka Kulenović,Bosnia-Herzegovina,ST,ST,Heracles Almelo,Eredivisie,25,62.0,68.0,45.0,63.0,26.0,72.0,69,54.6,9.0,8,69.0,1
Nihad Mujakić,Nihad Mujakić,Bosnia-Herzegovina,CB,CB,Eyüpspor,Süper Lig,27,70.0,28.0,42.0,47.0,66.0,77.0,67,52.0,10.75,8,67.0,1
Akram Hassan Afif Yahya Afif,Akram Hassan Afif Yahya Afif,Qatar,LM,LM,,nan,28,87.0,75.0,72.0,79.0,32.0,55.0,78,74.4,9.0,8,78.0,1
Guilherme dos Santos Torres,Guilherme dos Santos Torres,Qatar,CDM,CDM,,nan,34,69.0,65.0,72.0,71.0,73.0,78.0,77,74.0,9.5,8,77.0,1
Edmílson Junior Paulo da Silva,Edmílson Junior Paulo da Silva,Qatar,LW,LW,,nan,30,88.0,75.0,70.0,79.0,44.0,65.0,76,72.4,12.75,8,76.0,1
Almoez Ali Zainalabedeen Mohamed Abdulla,Almoez Ali Zainalabedeen Mohamed Abdulla,Qatar,ST,ST,,nan,28,75.0,74.0,58.0,68.0,25.0,72.0,74,64.4,11.0,8,74.0,1
Karim Boudiaf,Karim Boudiaf,Qatar,CM,CM,,nan,34,50.0,62.0,71.0,69.0,67.0,74.0,71,71.0,10.5,8,71.0,1
Hasan Khalid Hasan Al Haydos,Hasan Khalid Hasan Al Haydos,Qatar,RM,RM,,nan,34,76.0,66.0,69.0,75.0,34.0,43.0,71,69.8,11.5,8,71.0,1
Boualem Khoukhi,Boualem Khoukhi,Qatar,CB,CB,,nan,34,60.0,60.0,57.0,54.0,71.0,76.0,71,62.599999999999994,11.0,8,71.0,1
Abdelkarim Hassan Al Haj Fadlalla,Abdelkarim Hassan Al Haj Fadlalla,Qatar,LB,LB,,nan,31,74.0,67.0,65.0,64.0,65.0,82.0,70,67.0,9.25,8,70.0,1
Lucas Michel Mendes,Lucas Michel Mendes,Qatar,CB,CB,,nan,34,53.0,57.0,59.0,59.0,70.0,71.0,70,63.4,12.0,8,70.0,1
Meshaal Aissa Mohammed Barsham,Meshaal Aissa Mohammed Barsham,Qatar,GK,GK,,nan,27,45.0,45.0,45.0,45.0,45.0,45.0,70,70.0,69.5,8,70.0,1
Abdulaziz Hatem Abdallah Mohammed,Abdulaziz Hatem Abdallah Mohammed,Qatar,CM,CM,,nan,34,59.0,67.0,70.0,68.0,61.0,70.0,70,70.0,10.75,8,70.0,1
Bassam Hisham Ali Al Rawi,Bassam Hisham Ali Al Rawi,Qatar,RB,RB,,nan,27,72.0,48.0,62.0,66.0,67.0,76.0,69,64.8,9.75,8,69.0,1
Homam Al Amin Mohamed Ahmed,Homam Al Amin Mohamed Ahmed,Qatar,LB,LB,,nan,25,76.0,48.0,60.0,61.0,62.0,70.0,68,63.2,9.75,8,68.0,1
Pedro Miguel Carvalho Deus Correia,Pedro Miguel Carvalho Deus Correia,Qatar,RB,RB,,nan,34,73.0,38.0,60.0,61.0,64.0,78.0,68,63.2,9.25,8,68.0,1
Tarek Salman Suleiman Odeh,Tarek Salman Suleiman Odeh,Qatar,CB,CB,,nan,27,73.0,34.0,59.0,60.0,68.0,71.0,68,62.6,11.25,8,68.0,1
Ahmed Fathi Mansi Abdoulla,Ahmed Fathi Mansi Abdoulla,Qatar,CDM,CDM,,nan,32,71.0,38.0,54.0,58.0,67.0,76.0,68,59.6,7.0,8,68.0,1
Ahmed Mohamed Hussein Kassim Al Ganehi,Ahmed Mohamed Hussein Kassim Al Ganehi,Qatar,RW,RW,,nan,24,72.0,62.0,60.0,68.0,25.0,51.0,67,62.8,9.25,8,67.0,1
Mohammed Muntari,Mohammed Muntari,Qatar,ST,ST,,nan,31,63.0,66.0,48.0,60.0,27.0,69.0,66,55.2,6.75,8,66.0,1
Yusuf Abdurisag,Yusuf Abdurisag,Qatar,RW,RW,,nan,25,82.0,56.0,57.0,68.0,30.0,51.0,65,60.199999999999996,10.25,8,65.0,1
Saad Abdullah Mohammed Ebrahim Al Sheeb,Saad Abdullah Mohammed Ebrahim Al Sheeb,Qatar,GK,GK,,nan,35,45.0,45.0,45.0,45.0,45.0,45.0,65,65.0,64.25,8,65.0,1
Assim Omer Al Haj Madibo,Assim Omer Al Haj Madibo,Qatar,CDM,CDM,,nan,28,82.0,38.0,53.0,61.0,65.0,75.0,65,57.8,11.25,8,65.0,1
Salah Zakaria Mohamed Mousa Hassan,Salah Zakaria Mohamed Mousa Hassan,Qatar,GK,GK,,nan,26,45.0,45.0,45.0,45.0,45.0,45.0,64,64.0,62.75,8,64.0,1
Mustafa Tarek Mashaal,Mustafa Tarek Mashaal,Qatar,CM,CM,,nan,24,67.0,46.0,59.0,58.0,60.0,60.0,64,61.0,11.75,8,64.0,1
Abdullah Sirelkhatim Abdullah Yousef,Abdullah Sirelkhatim Abdullah Yousef,Qatar,RB,RB,,nan,23,68.0,40.0,51.0,57.0,63.0,58.0,63,55.8,7.5,8,63.0,1
Jassem Gaber Elsayed Abdulsallam,Jassem Gaber Elsayed Abdulsallam,Qatar,CB,CB,,nan,23,64.0,44.0,53.0,54.0,62.0,72.0,63,57.0,10.25,8,63.0,1
Ahmed Husham Ali Al Rawi,Ahmed Husham Ali Al Rawi,Qatar,ST,ST,,nan,21,70.0,61.0,50.0,60.0,38.0,53.0,60,54.0,8.75,8,60.0,1
Yann Sommer,Yann Sommer,Switzerland,GK,GK,Inter,Serie A,36,45.0,45.0,45.0,45.0,45.0,45.0,87,87.0,85.25,74,87.0,1
Gregor Kobel,Gregor Kobel,Switzerland,GK,GK,Borussia Dortmund,Bundesliga,27,45.0,45.0,45.0,45.0,45.0,45.0,86,86.0,85.75,74,86.0,1
Granit Xhaka,Granit Xhaka,Switzerland,CDM,CDM,Sunderland,Premier League,32,47.0,75.0,85.0,74.0,78.0,82.0,85,85.0,8.75,52,85.0,1
Manuel Obafemi Akanji,Manuel Obafemi Akanji,Switzerland,CB,CB,Inter,Serie A,29,74.0,48.0,69.0,73.0,82.0,81.0,82,74.2,8.5,52,82.0,1
Denis Lemi Zakaria Lako Lado,Denis Lemi Zakaria Lako Lado,Switzerland,CDM,CDM,AS Monaco,Ligue 1,28,80.0,67.0,74.0,77.0,80.0,85.0,82,77.2,12.0,52,82.0,1
Fabian Lukas Schär,Fabian Lukas Schär,Switzerland,CB,CB,Newcastle United,Premier League,33,51.0,68.0,76.0,73.0,84.0,80.0,82,78.4,10.5,52,82.0,1
Remo Marco Freuler,Remo Marco Freuler,Switzerland,CDM,CDM,Bologna,Serie A,33,58.0,72.0,76.0,77.0,77.0,74.0,81,78.0,11.75,52,81.0,1
Dan Assane Ndoye,Dan Assane Ndoye,Switzerland,LM,LM,Nottingham Forest,Premier League,24,89.0,72.0,70.0,81.0,62.0,68.0,79,73.6,12.75,8,79.0,1
Xherdan Shaqiri,Xherdan Shaqiri,Switzerland,CAM,CAM,FC Basel 1893,Super League,33,67.0,81.0,81.0,80.0,40.0,73.0,78,79.80000000000001,11.75,8,78.0,1
Roman Bürki,Roman Bürki,Switzerland,GK,GK,St. Louis CITY SC,Major League Soccer,34,45.0,45.0,45.0,45.0,45.0,45.0,77,77.0,76.5,52,77.0,1
Nico Elvedi,Nico Elvedi,Switzerland,CB,CB,Borussia Mönchengladbach,Bundesliga,28,70.0,39.0,63.0,65.0,78.0,76.0,77,68.6,11.25,30,77.0,1
Ardon Jashari,Ardon Jashari,Switzerland,CDM,CDM,AC Milan,Serie A,22,75.0,67.0,75.0,73.0,72.0,82.0,77,75.8,8.25,8,77.0,1
Breel Donald Embolo,Breel Donald Embolo,Switzerland,ST,ST,Stade Rennais FC,Ligue 1,28,78.0,75.0,70.0,75.0,51.0,80.0,77,72.8,9.5,30,77.0,1
Cédric Zesiger,Cédric Zesiger,Switzerland,CB,CB,FC Augsburg,Bundesliga,27,66.0,43.0,56.0,61.0,74.0,84.0,76,64.0,8.5,8,76.0,1
Noah Arinzechukwu Okafor,Noah Arinzechukwu Okafor,Switzerland,ST,ST,Leeds United,Premier League,25,86.0,76.0,71.0,80.0,31.0,69.0,76,73.0,9.75,8,76.0,1
Mohameth Djibril Ibrahima Sow,Mohameth Djibril Ibrahima Sow,Switzerland,CM,CM,Sevilla FC,La Liga,28,78.0,69.0,73.0,76.0,74.0,78.0,76,74.2,8.25,30,76.0,1
Miro Max Maria Muheim,Miro Max Maria Muheim,Switzerland,LB,LB,Hamburger SV,Bundesliga,27,73.0,66.0,73.0,73.0,71.0,73.0,75,73.8,10.0,8,75.0,1
Jordan Mvula Lotomba,Jordan Mvula Lotomba,Switzerland,RB,RB,Feyenoord,Eredivisie,26,75.0,48.0,65.0,72.0,71.0,71.0,75,69.0,12.25,8,75.0,1
Ulisses Alexandre Garcia Lopes,Ulisses Alexandre Garcia Lopes,Switzerland,LB,LB,Olympique de Marseille,Ligue 1,29,79.0,49.0,66.0,71.0,70.0,74.0,75,69.6,11.75,8,75.0,1
Mohamed Zeki Amdouni,Mohamed Zeki Amdouni,Switzerland,ST,ST,Burnley,Premier League,24,71.0,76.0,69.0,76.0,46.0,70.0,75,71.4,10.75,8,75.0,1
Renato Steffen,Renato Steffen,Switzerland,RW,RW,FC Lugano,Super League,33,83.0,71.0,73.0,76.0,50.0,65.0,75,73.8,10.75,30,75.0,1
Filip Ugrinić,Filip Ugrinić,Switzerland,CM,CM,Valencia CF,La Liga,26,77.0,73.0,74.0,75.0,69.0,85.0,75,74.4,9.75,8,75.0,1
Dominik Robin Schmid,Dominik Robin Schmid,Switzerland,LB,LB,FC Basel 1893,Super League,27,77.0,58.0,75.0,73.0,67.0,73.0,74,74.6,9.5,8,74.0,1
Bećir Omeragić,Bećir Omeragić,Switzerland,CB,CB,Montpellier HSC,Ligue 2,23,75.0,40.0,63.0,67.0,74.0,73.0,74,67.4,11.75,8,74.0,1
Steven Zuber,Steven Zuber,Switzerland,ST,ST,FC Zürich,Super League,33,75.0,75.0,73.0,75.0,60.0,75.0,74,73.4,13.25,8,74.0,1
Andi Avdi Zeqiri,Andi Avdi Zeqiri,Switzerland,ST,ST,Widzew Łódź,Ekstraklasa,26,66.0,74.0,60.0,73.0,23.0,72.0,72,64.8,13.75,8,72.0,1
Alisson Ramsés Becker,Alisson Ramsés Becker,Brazil,GK,GK,Liverpool,Premier League,32,45.0,45.0,45.0,45.0,45.0,45.0,89,89.0,87.5,96,89.0,1
Raphael Dias Belloli,Raphael Dias Belloli,Brazil,LM,LM,FC Barcelona,La Liga,28,91.0,84.0,85.0,87.0,53.0,75.0,89,86.6,9.25,74,89.0,1
Vinicius José Paixão de Oliveira Junior,Vinicius José Paixão de Oliveira Junior,Brazil,LW,LW,Real Madrid,La Liga,24,95.0,84.0,81.0,91.0,29.0,69.0,89,84.2,7.25,96,89.0,1
Gabriel dos Santos Magalhães,Gabriel dos Santos Magalhães,Brazil,CB,CB,Arsenal,Premier League,27,64.0,44.0,64.0,65.0,88.0,84.0,88,73.6,9.25,74,88.0,1
Marcos Aoás Corrêa,Marcos Aoás Corrêa,Brazil,CB,CB,Paris Saint-Germain,Ligue 1,31,78.0,56.0,75.0,74.0,89.0,80.0,87,79.80000000000001,8.75,74,87.0,1
Bruno Guimarães Rodrigues Moura,Bruno Guimarães Rodrigues Moura,Brazil,CM,CM,Newcastle United,Premier League,27,66.0,75.0,84.0,84.0,79.0,81.0,86,84.8,10.0,74,86.0,1
Rodrygo Silva de Goes,Rodrygo Silva de Goes,Brazil,RW,RW,Real Madrid,La Liga,24,88.0,80.0,79.0,87.0,31.0,64.0,85,81.4,7.5,74,85.0,1
Ederson Santana de Moraes,Ederson Santana de Moraes,Brazil,GK,GK,Fenerbahçe SK,Süper Lig,31,45.0,45.0,45.0,45.0,45.0,45.0,85,85.0,82.75,52,85.0,1
Gleison Bremer Silva Nascimento,Gleison Bremer Silva Nascimento,Brazil,CB,CB,Juventus,Serie A,28,82.0,50.0,58.0,66.0,86.0,80.0,85,68.8,9.75,74,85.0,1
Éder Gabriel Militão,Éder Gabriel Militão,Brazil,CB,CB,Real Madrid,La Liga,27,82.0,50.0,69.0,71.0,85.0,82.0,84,75.0,11.5,52,84.0,1
Ronaldo Jailson Cabrais Petri,Ronaldo Jailson Cabrais Petri,Brazil,CAM,CAM,Botafogo,Série A,29,88.0,77.0,83.0,84.0,35.0,72.0,83,83.0,13.0,52,83.0,1
Matheus Santos Carneiro da Cunha,Matheus Santos Carneiro da Cunha,Brazil,CAM,CAM,Manchester United,Premier League,26,77.0,85.0,79.0,84.0,44.0,75.0,83,80.6,9.75,52,83.0,1
Murillo Santiago Costa dos Santos,Murillo Santiago Costa dos Santos,Brazil,CB,CB,Nottingham Forest,Premier League,22,80.0,48.0,67.0,71.0,83.0,83.0,83,73.4,12.0,52,83.0,1
Lucas Luciano Mantela Patrício,Lucas Luciano Mantela Patrício,Brazil,GK,GK,Palmeiras,Série A,25,45.0,45.0,45.0,45.0,45.0,45.0,82,82.0,81.0,52,82.0,1
Sávio Moreira de Oliveira,Sávio Moreira de Oliveira,Brazil,RW,RW,Manchester City,Premier League,21,87.0,71.0,78.0,86.0,30.0,53.0,82,79.6,10.5,52,82.0,1
Roger Ibañez da Silva,Roger Ibañez da Silva,Brazil,CB,CB,Al Ahli SFC,Pro League,26,87.0,32.0,47.0,61.0,83.0,85.0,82,61.0,9.25,52,82.0,1
Fábio Henrique Tavares,Fábio Henrique Tavares,Brazil,CDM,CDM,Al Ittihad,Pro League,31,53.0,69.0,78.0,77.0,81.0,80.0,82,79.6,10.25,52,82.0,1
Malcom Filipe Silva de Oliveira,Malcom Filipe Silva de Oliveira,Brazil,CAM,CAM,Al Hilal,Pro League,28,89.0,78.0,79.0,84.0,43.0,73.0,82,80.2,9.5,52,82.0,1
Éderson José dos Santos Lourenço da Silva,Éderson José dos Santos Lourenço da Silva,Brazil,CM,CM,Atalanta,Serie A,25,78.0,72.0,77.0,80.0,80.0,81.0,82,79.0,12.5,52,82.0,1
Joelinton Cassio Apolinário de Lira,Joelinton Cassio Apolinário de Lira,Brazil,CM,CM,Newcastle United,Premier League,28,74.0,73.0,77.0,81.0,82.0,90.0,82,79.0,12.0,52,82.0,1
Welington Kauê Dano Nascimento,Welington Kauê Dano Nascimento,Brazil,LB,LB,Atlético Mineiro,Série A,25,79.0,54.0,76.0,79.0,75.0,74.0,81,78.0,11.25,52,81.0,1
Carlos Augusto Zopalato Neves,Carlos Augusto Zopalato Neves,Brazil,LB,LB,Inter,Serie A,26,78.0,72.0,77.0,79.0,79.0,76.0,81,78.6,12.0,52,81.0,1
Antony Matheus dos Santos,Antony Matheus dos Santos,Brazil,RW,RW,Real Betis Balompié,La Liga,25,84.0,78.0,78.0,83.0,43.0,70.0,81,79.19999999999999,10.0,52,81.0,1
Gabriel Teodoro Martinelli Silva,Gabriel Teodoro Martinelli Silva,Brazil,LW,LW,Arsenal,Premier League,24,90.0,77.0,75.0,83.0,46.0,72.0,81,77.4,7.0,52,81.0,1
Marvin Oswaldo Rangel Azevedo,Marvin Oswaldo Rangel Azevedo,Brazil,ST,ST,Flamengo,Série A,29,76.0,81.0,67.0,77.0,20.0,79.0,81,72.6,9.0,52,81.0,1
Maikel Renan Catarino Fagundes,Maikel Renan Catarino Fagundes,Brazil,RB,RB,Corinthians,Série A,29,76.0,51.0,70.0,77.0,77.0,72.0,80,74.0,13.25,8,80.0,1
Achraf Hakimi Mouh,Achraf Hakimi Mouh,Morocco,RB,RB,Paris Saint-Germain,Ligue 1,26,92.0,79.0,82.0,83.0,82.0,79.0,89,84.8,8.0,74,89.0,1
Yassine Bounou,Yassine Bounou,Morocco,GK,GK,Al Hilal,Pro League,34,45.0,45.0,45.0,45.0,45.0,45.0,82,82.0,82.5,52,82.0,1
Youssef En-Nesyri,Youssef En-Nesyri,Morocco,ST,ST,Fenerbahçe SK,Süper Lig,28,79.0,81.0,65.0,75.0,35.0,80.0,82,71.80000000000001,11.0,52,82.0,1
Brahim Abdelkader Díaz,Brahim Abdelkader Díaz,Morocco,RM,RM,Real Madrid,La Liga,25,82.0,74.0,79.0,85.0,31.0,58.0,82,80.2,9.5,52,82.0,1
Nayef Aguerd,Nayef Aguerd,Morocco,CB,CB,Olympique de Marseille,Ligue 1,29,72.0,50.0,67.0,65.0,82.0,77.0,81,72.6,10.5,52,81.0,1
Noussair Mazraoui,Noussair Mazraoui,Morocco,RB,RB,Manchester United,Premier League,27,75.0,66.0,76.0,80.0,77.0,72.0,80,77.6,10.75,52,80.0,1
Ayoub El Kaabi,Ayoub El Kaabi,Morocco,ST,ST,Olympiacos FC,Super League,32,82.0,82.0,62.0,75.0,46.0,77.0,80,69.19999999999999,11.25,8,80.0,1
Ismael Saibari Ben El Basra,Ismael Saibari Ben El Basra,Morocco,CAM,CAM,PSV,Eredivisie,23,78.0,75.0,74.0,82.0,51.0,78.0,79,76.0,11.25,8,79.0,1
Romain Ghanem Paul Saïss,Romain Ghanem Paul Saïss,Morocco,CB,CB,,nan,35,58.0,58.0,71.0,67.0,79.0,81.0,79,74.2,11.0,30,79.0,1
Abderrazak Hamdallah,Abderrazak Hamdallah,Morocco,ST,ST,Al Shabab,Pro League,34,59.0,80.0,70.0,78.0,31.0,78.0,79,73.6,11.25,30,79.0,1
Amine Adli,Amine Adli,Morocco,ST,ST,AFC Bournemouth,Premier League,25,84.0,76.0,70.0,82.0,42.0,69.0,78,73.2,9.5,8,78.0,1
Sofyan Amrabat,Sofyan Amrabat,Morocco,CDM,CDM,Real Betis Balompié,La Liga,28,61.0,70.0,73.0,74.0,75.0,82.0,78,75.0,13.5,8,78.0,1
Soufiane Rahimi,Soufiane Rahimi,Morocco,LM,LM,Al Ain,Pro League,29,85.0,76.0,72.0,77.0,38.0,66.0,78,74.4,9.75,8,78.0,1
Hakim Ziyech,Hakim Ziyech,Morocco,RM,RM,,nan,32,72.0,76.0,81.0,80.0,48.0,63.0,78,79.80000000000001,10.0,52,78.0,1
Omar El Hilali,Omar El Hilali,Morocco,RB,RB,RCD Espanyol,La Liga,21,85.0,41.0,67.0,69.0,74.0,77.0,77,71.0,12.5,8,77.0,1
Mourad Batna,Mourad Batna,Morocco,RM,RM,Al Fateh,Pro League,35,72.0,77.0,75.0,77.0,36.0,78.0,77,75.8,10.25,8,77.0,1
Neil El Aynaoui,Neil El Aynaoui,Morocco,CM,CM,Roma,Serie A,23,62.0,63.0,76.0,74.0,73.0,75.0,77,76.4,8.5,8,77.0,1
Abdessamad Ezzalzouli,Abdessamad Ezzalzouli,Morocco,LM,LM,Real Betis Balompié,La Liga,23,87.0,69.0,70.0,81.0,29.0,63.0,77,72.8,8.25,8,77.0,1
Sofiane Diop,Sofiane Diop,Morocco,LW,LW,OGC Nice,Ligue 1,25,77.0,69.0,75.0,80.0,54.0,53.0,76,75.4,11.25,30,76.0,1
Zakaria El Ouahdi,Zakaria El Ouahdi,Morocco,RB,RB,KRC Genk,Pro League,23,73.0,66.0,70.0,77.0,69.0,71.0,76,72.4,8.75,8,76.0,1
Souffian El Karouani,Souffian El Karouani,Morocco,LB,LB,FC Utrecht,Eredivisie,24,71.0,48.0,76.0,74.0,68.0,70.0,75,75.6,8.5,8,75.0,1
Munir Mohand Mohamedi El Kajoui,Munir Mohand Mohamedi El Kajoui,Morocco,GK,GK,,nan,36,45.0,45.0,45.0,45.0,45.0,45.0,74,74.0,73.5,8,74.0,1
Adam Masina,Adam Masina,Morocco,CB,CB,Torino,Serie A,31,62.0,42.0,66.0,68.0,77.0,65.0,74,69.2,10.25,8,74.0,1
Abdelkabir Abqar,Abdelkabir Abqar,Morocco,CB,CB,Getafe CF,La Liga,26,49.0,31.0,54.0,63.0,76.0,69.0,74,62.0,10.0,8,74.0,1
Anass Zaroury,Anass Zaroury,Morocco,LW,LW,Panathinaikos FC,Super League,24,84.0,70.0,69.0,77.0,27.0,61.0,74,71.0,9.25,8,74.0,1
Ahmed Reda Tagnaouti,Ahmed Reda Tagnaouti,Morocco,GK,GK,,nan,29,45.0,45.0,45.0,45.0,45.0,45.0,70,70.0,68.75,8,70.0,1
Jean-Ricner Bellegarde,Jean-Ricner Bellegarde,Haiti,CAM,CAM,Wolverhampton Wanderers,Premier League,27,78.0,63.0,72.0,78.0,70.0,72.0,75,73.19999999999999,11.5,8,75.0,1
Ricardo Adé,Ricardo Adé,Haiti,CB,CB,LDU Quito,Serie A,35,71.0,36.0,58.0,57.0,71.0,77.0,72,63.599999999999994,10.0,8,72.0,1
Frantzdy Pierrot,Frantzdy Pierrot,Haiti,ST,ST,AEK Athens,Super League,30,65.0,72.0,56.0,62.0,32.0,82.0,72,62.400000000000006,11.5,8,72.0,1
Jean-Kévin Duverne,Jean-Kévin Duverne,Haiti,LB,LB,KAA Gent,Pro League,27,60.0,38.0,62.0,67.0,72.0,73.0,71,65.6,10.0,8,71.0,1
Carlens Jean Fedlaire Ruby Arcus,Carlens Jean Fedlaire Ruby Arcus,Haiti,RB,RB,Angers SCO,Ligue 1,29,75.0,44.0,66.0,66.0,66.0,75.0,71,68.0,11.0,8,71.0,1
Danley Jean Jacques,Danley Jean Jacques,Haiti,CM,CM,Philadelphia Union,Major League Soccer,25,69.0,56.0,66.0,70.0,67.0,74.0,70,67.6,9.75,8,70.0,1
Johny Placide,Johny Placide,Haiti,GK,GK,Sporting Club Bastia,Ligue 2,37,45.0,45.0,45.0,45.0,45.0,45.0,69,69.0,68.5,8,69.0,1
Fabrice Jean-Ian Picault,Fabrice Jean-Ian Picault,Haiti,LW,LW,Inter Miami,Major League Soccer,34,87.0,66.0,62.0,71.0,38.0,49.0,69,64.8,8.25,8,69.0,1
Derrick Burckley Etienne Jr.,Derrick Burckley Etienne Jr.,Haiti,LM,LM,Toronto FC,Major League Soccer,28,81.0,61.0,60.0,69.0,40.0,62.0,66,62.400000000000006,7.0,8,66.0,1
Louicius Don Deedson,Louicius Don Deedson,Haiti,RW,RW,FC Dallas,Major League Soccer,24,84.0,62.0,54.0,66.0,22.0,57.0,65,58.4,9.5,8,65.0,1
Martin Expérience,Martin Expérience,Haiti,LB,LB,AS Nancy Lorraine,Ligue 2,26,68.0,36.0,53.0,59.0,58.0,64.0,62,56.599999999999994,8.0,8,62.0,1
Yuri Aleksandr Guboglo,Yuri Aleksandr Guboglo,Haiti,RM,RM,CF Montréal,Major League Soccer,18,80.0,37.0,53.0,61.0,50.0,59.0,59,55.4,10.75,8,59.0,1
Joseph Belmar,Joseph Belmar,Haiti,CM,CM,FC Sion,Super League,19,64.0,49.0,51.0,56.0,50.0,48.0,56,53.0,9.0,8,56.0,1
Wilguens Paugain,Wilguens Paugain,Haiti,RB,RB,SV Zulte Waregem,Pro League,23,62.0,34.0,42.0,50.0,54.0,63.0,55,47.2,9.75,8,55.0,1
Scott Francis McTominay,Scott Francis McTominay,Scotland,CM,CM,Napoli,Serie A,28,76.0,82.0,77.0,80.0,80.0,85.0,85,80.19999999999999,9.0,52,85.0,1
Andrew Henry Robertson,Andrew Henry Robertson,Scotland,LB,LB,Liverpool,Premier League,31,74.0,61.0,80.0,77.0,79.0,75.0,82,80.80000000000001,10.0,52,82.0,1
John McGinn,John McGinn,Scotland,LM,LM,Aston Villa,Premier League,30,69.0,77.0,78.0,80.0,77.0,83.0,81,79.19999999999999,11.0,52,81.0,1
Ryan Christie,Ryan Christie,Scotland,CDM,CDM,AFC Bournemouth,Premier League,30,69.0,70.0,77.0,78.0,74.0,76.0,79,77.8,9.25,8,79.0,1
Callum William McGregor,Callum William McGregor,Scotland,CDM,CDM,Celtic,Premiership,32,77.0,76.0,78.0,80.0,72.0,78.0,79,78.4,11.5,8,79.0,1
Lewis Ferguson,Lewis Ferguson,Scotland,CM,CM,Bologna,Serie A,25,72.0,78.0,74.0,78.0,72.0,75.0,78,75.6,11.25,8,78.0,1
Ryan Gauld,Ryan Gauld,Scotland,LW,LW,Vancouver Whitecaps FC,Major League Soccer,29,83.0,68.0,77.0,82.0,51.0,54.0,78,77.4,12.0,8,78.0,1
Ché Zach Everton Fred Adams,Ché Zach Everton Fred Adams,Scotland,ST,ST,Torino,Serie A,28,82.0,80.0,64.0,77.0,43.0,72.0,77,69.2,13.25,8,77.0,1
Kieran Tierney,Kieran Tierney,Scotland,LB,LB,Celtic,Premiership,28,76.0,60.0,75.0,76.0,75.0,73.0,77,75.8,13.5,30,77.0,1
Scott Fraser McKenna,Scott Fraser McKenna,Scotland,CB,CB,Dinamo Zagreb,Hrvatska nogometna liga,28,60.0,32.0,51.0,56.0,76.0,80.0,75,60.599999999999994,8.25,8,75.0,1
Billy Clifford Gilmour,Billy Clifford Gilmour,Scotland,CM,CM,Napoli,Serie A,24,60.0,58.0,74.0,76.0,69.0,58.0,74,74.0,10.25,8,74.0,1
Oliver Robert McBurnie,Oliver Robert McBurnie,Scotland,ST,ST,Hull City,Championship,29,61.0,71.0,60.0,71.0,34.0,82.0,74,65.6,12.5,8,74.0,1
Aaron Buchanan Hickey,Aaron Buchanan Hickey,Scotland,RB,RB,Brentford,Premier League,23,71.0,54.0,70.0,73.0,74.0,64.0,74,71.6,11.25,8,74.0,1
Thomas Cairney,Thomas Cairney,Scotland,CM,CM,Fulham FC,Premier League,34,52.0,71.0,76.0,73.0,66.0,62.0,74,75.2,9.75,8,74.0,1
Jack William Hendry,Jack William Hendry,Scotland,CB,CB,Al Ettifaq,Pro League,30,73.0,56.0,63.0,64.0,71.0,82.0,74,67.4,11.25,8,74.0,1
Greg John Taylor,Greg John Taylor,Scotland,LB,LB,PAOK,Super League,27,71.0,55.0,73.0,73.0,71.0,73.0,74,73.4,11.0,8,74.0,1
Barry Ryan Bannan,Barry Ryan Bannan,Scotland,CM,CM,Sheffield Wednesday,Championship,35,57.0,63.0,74.0,75.0,60.0,61.0,73,73.6,8.75,8,73.0,1
Josh Thomas Doig,Josh Thomas Doig,Scotland,LB,LB,Sassuolo,Serie A,23,79.0,63.0,66.0,70.0,67.0,70.0,73,68.80000000000001,10.5,8,73.0,1
Lawrence Shankland,Lawrence Shankland,Scotland,ST,ST,Hearts,Premiership,29,63.0,75.0,66.0,72.0,28.0,80.0,73,68.80000000000001,12.25,8,73.0,1
Oliver Jasen Burke,Oliver Jasen Burke,Scotland,ST,ST,1. FC Union Berlin,Bundesliga,28,93.0,70.0,64.0,67.0,41.0,74.0,73,67.6,11.5,8,73.0,1
Lewis Morgan,Lewis Morgan,Scotland,ST,ST,New York Red Bulls,Major League Soccer,28,82.0,74.0,71.0,75.0,55.0,68.0,73,71.80000000000001,10.0,8,73.0,1
John Souttar,John Souttar,Scotland,CB,CB,Rangers FC,Premiership,28,73.0,48.0,63.0,70.0,72.0,77.0,73,67.0,10.75,8,73.0,1
Angus Fraser James Gunn,Angus Fraser James Gunn,Scotland,GK,GK,Nottingham Forest,Premier League,29,45.0,45.0,45.0,45.0,45.0,45.0,72,72.0,72.0,8,72.0,1
Ryan Porteous,Ryan Porteous,Scotland,CB,CB,Los Angeles FC,Major League Soccer,26,65.0,42.0,63.0,60.0,69.0,80.0,71,66.2,9.75,8,71.0,1
Zander Clark,Zander Clark,Scotland,GK,GK,Hearts,Premiership,33,45.0,45.0,45.0,45.0,45.0,45.0,70,70.0,69.75,8,70.0,1
Craig Sinclair Gordon,Craig Sinclair Gordon,Scotland,GK,GK,Hearts,Premiership,42,45.0,45.0,45.0,45.0,45.0,45.0,67,67.0,66.75,8,67.0,1
Christian Mate Pulišić,Christian Mate Pulišić,United States,RW,RW,AC Milan,Serie A,26,88.0,82.0,80.0,86.0,46.0,65.0,84,81.6,12.5,52,84.0,1
Antonee Robinson,Antonee Robinson,United States,LB,LB,Fulham FC,Premier League,27,88.0,46.0,75.0,77.0,78.0,80.0,82,77.80000000000001,11.0,52,82.0,1
Malik Leon Tillman,Malik Leon Tillman,United States,CAM,CAM,Bayer 04 Leverkusen,Bundesliga,23,84.0,76.0,77.0,83.0,65.0,77.0,82,79.0,10.25,52,82.0,1
João Lucas de Souza Cardoso,João Lucas de Souza Cardoso,United States,CDM,CDM,Atlético Madrid,La Liga,23,72.0,67.0,76.0,78.0,80.0,77.0,81,78.0,10.75,8,81.0,1
Cameron Robert Carter-Vickers,Cameron Robert Carter-Vickers,United States,CB,CB,Celtic,Premiership,27,78.0,33.0,59.0,72.0,77.0,84.0,79,67.0,11.25,8,79.0,1
Sergiño Gianni Dest,Sergiño Gianni Dest,United States,RB,RB,PSV,Eredivisie,24,87.0,60.0,75.0,83.0,72.0,72.0,79,76.6,12.75,8,79.0,1
Tyler Shaan Adams,Tyler Shaan Adams,United States,CDM,CDM,AFC Bournemouth,Premier League,26,79.0,56.0,71.0,75.0,79.0,75.0,79,74.2,8.5,52,79.0,1
Weston James Earl McKennie,Weston James Earl McKennie,United States,CM,CM,Juventus,Serie A,26,77.0,71.0,77.0,77.0,80.0,80.0,78,77.4,9.0,30,78.0,1
Timothy Tarpeh Weah,Timothy Tarpeh Weah,United States,RM,RM,Olympique de Marseille,Ligue 1,25,87.0,75.0,72.0,78.0,68.0,65.0,77,74.0,11.25,8,77.0,1
Christopher Jeffrey Richards,Christopher Jeffrey Richards,United States,CB,CB,Crystal Palace,Premier League,25,66.0,27.0,58.0,62.0,78.0,77.0,77,65.6,7.75,8,77.0,1
Folarin Jolaoluwa Jerry Balogun,Folarin Jolaoluwa Jerry Balogun,United States,ST,ST,AS Monaco,Ligue 1,23,84.0,77.0,62.0,77.0,23.0,68.0,77,68.0,11.25,8,77.0,1
Alejandro Zendejas Saavedra,Alejandro Zendejas Saavedra,United States,RM,RM,,nan,27,85.0,68.0,70.0,80.0,52.0,67.0,76,72.4,9.0,8,76.0,1
Ricardo Daniel Pepi,Ricardo Daniel Pepi,United States,ST,ST,PSV,Eredivisie,22,73.0,78.0,60.0,72.0,46.0,73.0,76,66.4,11.25,8,76.0,1
Joshua Thomas Sargent,Joshua Thomas Sargent,United States,ST,ST,Norwich City,Championship,25,74.0,76.0,62.0,69.0,48.0,82.0,75,67.19999999999999,8.0,8,75.0,1
Brian White,Brian White,United States,ST,ST,Vancouver Whitecaps FC,Major League Soccer,29,77.0,74.0,52.0,68.0,46.0,78.0,75,61.2,8.75,8,75.0,1
Walker Dwain Zimmerman,Walker Dwain Zimmerman,United States,CB,CB,Nashville SC,Major League Soccer,32,56.0,50.0,55.0,56.0,73.0,84.0,75,63.0,11.5,30,75.0,1
Giovanni Alejandro Reyna,Giovanni Alejandro Reyna,United States,RM,RM,Borussia Mönchengladbach,Bundesliga,22,67.0,72.0,72.0,80.0,38.0,68.0,75,73.19999999999999,10.5,30,75.0,1
Paxten Reid Aaronson,Paxten Reid Aaronson,United States,CM,CM,Colorado Rapids,Major League Soccer,21,83.0,71.0,70.0,76.0,69.0,61.0,75,72.0,10.5,8,75.0,1
Matthew Charles Turner,Matthew Charles Turner,United States,GK,GK,New England Revolution,Major League Soccer,31,45.0,45.0,45.0,45.0,45.0,45.0,74,74.0,73.25,8,74.0,1
Mark Alexander McKenzie,Mark Alexander McKenzie,United States,CB,CB,Toulouse FC,Ligue 1,26,80.0,36.0,50.0,64.0,73.0,78.0,74,59.6,10.25,8,74.0,1
Joseph Michael Scally,Joseph Michael Scally,United States,RB,RB,Borussia Mönchengladbach,Bundesliga,22,83.0,49.0,60.0,69.0,71.0,76.0,74,65.6,9.75,8,74.0,1
Auston Levi-Jesaiah Trusty,Auston Levi-Jesaiah Trusty,United States,CB,CB,Celtic,Premiership,26,78.0,47.0,56.0,60.0,72.0,83.0,74,63.2,12.25,8,74.0,1
Bryan Keith Reynolds Jr,Bryan Keith Reynolds Jr,United States,RB,RB,KVC Westerlo,Pro League,24,69.0,47.0,66.0,71.0,67.0,75.0,73,68.80000000000001,11.75,8,73.0,1
Zackary Thomas Steffen,Zackary Thomas Steffen,United States,GK,GK,Colorado Rapids,Major League Soccer,30,45.0,45.0,45.0,45.0,45.0,45.0,73,73.0,72.75,8,73.0,1
Haji Amir Wright,Haji Amir Wright,United States,ST,ST,Coventry City,Championship,27,82.0,72.0,60.0,71.0,33.0,76.0,73,65.2,9.25,8,73.0,1
Stefan Frei,Stefan Frei,United States,GK,GK,Seattle Sounders FC,Major League Soccer,39,45.0,45.0,45.0,45.0,45.0,45.0,72,72.0,71.75,8,72.0,1
Alejandro Sebastián Romero Gamarra,Alejandro Sebastián Romero Gamarra,Paraguay,CAM,CAM,Al Ain,Pro League,30,81.0,73.0,81.0,80.0,52.0,64.0,79,80.2,11.0,30,79.0,1
Omar Federico Alderete Fernández,Omar Federico Alderete Fernández,Paraguay,CB,CB,Sunderland,Premier League,28,60.0,61.0,62.0,69.0,79.0,78.0,78,68.4,12.0,8,78.0,1
Arnaldo Antonio Sanabria Ayala,Arnaldo Antonio Sanabria Ayala,Paraguay,ST,ST,Cremonese,Serie A,29,75.0,75.0,68.0,79.0,32.0,57.0,76,71.2,12.25,8,76.0,1
Miguel Ángel Almirón Rejala,Miguel Ángel Almirón Rejala,Paraguay,RW,RW,Atlanta United,Major League Soccer,31,87.0,72.0,70.0,79.0,57.0,64.0,76,72.4,10.0,30,76.0,1
Diego Francisco Viera Ruiz Díaz,Diego Francisco Viera Ruiz Díaz,Paraguay,CB,CB,Libertad,División Profesional,34,35.0,27.0,44.0,50.0,77.0,84.0,76,56.8,10.25,8,76.0,1
Richard Rafael Sánchez Guerrero,Richard Rafael Sánchez Guerrero,Paraguay,CM,CM,Racing Club,Liga Profesional de Fútbol,29,77.0,68.0,74.0,75.0,72.0,77.0,75,74.4,9.75,8,75.0,1
Álex Adrián Arce Barrios,Álex Adrián Arce Barrios,Paraguay,ST,ST,Independiente Rivadavia,Liga Profesional de Fútbol,30,59.0,79.0,50.0,70.0,23.0,64.0,75,60.0,10.75,8,75.0,1
Gabriel Ávalos Stumpfs,Gabriel Ávalos Stumpfs,Paraguay,ST,ST,Independiente,Liga Profesional de Fútbol,34,67.0,75.0,63.0,73.0,45.0,84.0,75,67.8,12.5,8,75.0,1
Lorenzo Antonio Melgarejo Sanabria,Lorenzo Antonio Melgarejo Sanabria,Paraguay,LW,LW,Libertad,División Profesional,34,81.0,75.0,69.0,75.0,56.0,67.0,74,71.0,10.0,8,74.0,1
Adrián Andrés Cubas,Adrián Andrés Cubas,Paraguay,CDM,CDM,Vancouver Whitecaps FC,Major League Soccer,29,69.0,47.0,66.0,71.0,73.0,56.0,74,69.2,10.25,8,74.0,1
Matías Nicolás Rojas Romero,Matías Nicolás Rojas Romero,Paraguay,RW,RW,Portland Timbers,Major League Soccer,29,70.0,77.0,74.0,77.0,56.0,63.0,74,74.0,8.25,8,74.0,1
Matías Galarza Fonda,Matías Galarza Fonda,Paraguay,CM,CM,River Plate,Liga Profesional de Fútbol,23,63.0,73.0,70.0,76.0,65.0,58.0,73,71.2,11.5,8,73.0,1
Cecilio Andrés Domínguez Ruiz,Cecilio Andrés Domínguez Ruiz,Paraguay,LM,LM,Cerro Porteño,División Profesional,30,79.0,71.0,69.0,74.0,44.0,70.0,73,70.6,11.5,8,73.0,1
Julio César Enciso Espínola,Julio César Enciso Espínola,Paraguay,CAM,CAM,RC Strasbourg Alsace,Ligue 1,21,74.0,72.0,70.0,78.0,33.0,51.0,73,71.2,10.25,8,73.0,1
Diego Alexander Gómez Amarilla,Diego Alexander Gómez Amarilla,Paraguay,CM,CM,Brighton & Hove Albion,Premier League,22,69.0,67.0,71.0,75.0,72.0,75.0,73,71.80000000000001,6.75,8,73.0,1
Gonzalo Agustín Sández,Gonzalo Agustín Sández,Paraguay,LB,LB,Rosario Central,Liga Profesional de Fútbol,24,81.0,42.0,58.0,63.0,70.0,84.0,73,64.0,8.75,8,73.0,1
Santiago Arzamendia Duarte,Santiago Arzamendia Duarte,Paraguay,LB,LB,Estudiantes de La Plata,Liga Profesional de Fútbol,27,83.0,68.0,67.0,73.0,68.0,75.0,73,69.4,10.25,8,73.0,1
Víctor Gustavo Velázquez Ramos,Víctor Gustavo Velázquez Ramos,Paraguay,CB,CB,Cerro Porteño,División Profesional,34,74.0,31.0,47.0,55.0,72.0,78.0,73,57.400000000000006,7.75,8,73.0,1
Carlos Miguel Coronel,Carlos Miguel Coronel,Paraguay,GK,GK,New York Red Bulls,Major League Soccer,28,45.0,45.0,45.0,45.0,45.0,45.0,72,72.0,71.25,8,72.0,1
Matías David Espinoza Acosta,Matías David Espinoza Acosta,Paraguay,LB,LB,Libertad,División Profesional,27,76.0,45.0,64.0,64.0,66.0,70.0,72,67.2,12.5,8,72.0,1
Williams Ismael Riveros Ibáñez,Williams Ismael Riveros Ibáñez,Paraguay,CB,CB,Universitario de Deportes,Liga 1,32,58.0,39.0,50.0,53.0,72.0,77.0,72,58.8,11.25,8,72.0,1
Rodrigo Mario Morínigo Acosta,Rodrigo Mario Morínigo Acosta,Paraguay,GK,GK,Libertad,División Profesional,26,45.0,45.0,45.0,45.0,45.0,45.0,71,71.0,70.5,8,71.0,1
Juan Ángel Espínola González,Juan Ángel Espínola González,Paraguay,GK,GK,Newell's Old Boys,Liga Profesional de Fútbol,30,45.0,45.0,45.0,45.0,45.0,45.0,71,71.0,71.5,8,71.0,1
Iván Rodrigo Ramírez Segovia,Iván Rodrigo Ramírez Segovia,Paraguay,RB,RB,Libertad,División Profesional,30,71.0,48.0,68.0,68.0,66.0,70.0,71,69.2,11.25,8,71.0,1
Robert Samuel Rojas Chávez,Robert Samuel Rojas Chávez,Paraguay,RB,RB,Libertad,División Profesional,29,80.0,56.0,63.0,65.0,68.0,74.0,71,66.2,11.0,8,71.0,1
José Ignacio Florentín Bobadilla,José Ignacio Florentín Bobadilla,Paraguay,CM,CM,Central Cordoba SdE,Liga Profesional de Fútbol,28,66.0,63.0,65.0,67.0,69.0,78.0,71,67.4,12.25,8,71.0,1
Mathew David Ryan,Mathew David Ryan,Australia,GK,GK,Levante UD,La Liga,33,45.0,45.0,45.0,45.0,45.0,45.0,78,78.0,77.5,30,78.0,1
Jackson Alexander Irvine,Jackson Alexander Irvine,Australia,CM,CM,FC St. Pauli,Bundesliga,32,67.0,68.0,71.0,70.0,72.0,80.0,75,72.6,10.0,8,75.0,1
Cameron Robert Burgess,Cameron Robert Burgess,Australia,CB,CB,Swansea City,Championship,29,48.0,37.0,57.0,54.0,73.0,78.0,73,63.4,11.0,8,73.0,1
Harry James Souttar,Harry James Souttar,Australia,CB,CB,Leicester City,Championship,26,46.0,28.0,51.0,54.0,73.0,75.0,73,59.8,13.0,8,73.0,1
Craig Alexander Goodwin,Craig Alexander Goodwin,Australia,LM,LM,Adelaide United,A-League Men,33,81.0,74.0,72.0,70.0,59.0,73.0,73,72.4,8.5,8,73.0,1
Massimo Corey Luongo,Massimo Corey Luongo,Australia,CDM,CDM,Millwall FC,Championship,32,52.0,65.0,67.0,69.0,70.0,71.0,72,69.0,12.0,8,72.0,1
Riley Patrick McGree,Riley Patrick McGree,Australia,LM,LM,Middlesbrough,Championship,26,78.0,67.0,69.0,73.0,63.0,73.0,72,70.2,10.5,8,72.0,1
Alessandro Circati,Alessandro Circati,Australia,CB,CB,Parma,Serie A,21,59.0,35.0,53.0,49.0,72.0,77.0,71,60.2,10.25,8,71.0,1
Kye Francis Rowles,Kye Francis Rowles,Australia,CB,CB,DC United,Major League Soccer,27,64.0,24.0,46.0,47.0,72.0,76.0,71,56.0,11.0,8,71.0,1
Alexander Ian Grant,Alexander Ian Grant,Australia,CB,CB,Sydney FC,A-League Men,31,53.0,46.0,54.0,56.0,69.0,83.0,71,60.8,9.75,8,71.0,1
Nicolas Petar Milanović,Nicolas Petar Milanović,Australia,LM,LM,Aberdeen,Premiership,23,88.0,67.0,60.0,72.0,36.0,74.0,71,64.4,8.75,8,71.0,1
Cameron Peter Devlin,Cameron Peter Devlin,Australia,CDM,CDM,Hearts,Premiership,27,68.0,53.0,63.0,69.0,69.0,72.0,71,66.2,9.75,8,71.0,1
Martin Callie Boyle,Martin Callie Boyle,Australia,ST,ST,Hibernian,Premiership,32,89.0,72.0,66.0,74.0,42.0,59.0,71,68.0,11.5,8,71.0,1
Paul David Izzo,Paul David Izzo,Australia,GK,GK,Randers FC,Superliga,30,45.0,45.0,45.0,45.0,45.0,45.0,70,70.0,70.25,8,70.0,1
Anthony Charles Carter,Anthony Charles Carter,Australia,ST,ST,Santa Clara,Primeira Liga,30,65.0,68.0,47.0,66.0,26.0,76.0,70,56.2,10.25,8,70.0,1
Brandon Joel Gaetano Borrello,Brandon Joel Gaetano Borrello,Australia,ST,ST,Western Sydney Wanderers,A-League Men,29,73.0,70.0,66.0,71.0,43.0,77.0,70,67.6,11.25,8,70.0,1
Aiden Connor O'Neill,Aiden Connor O'Neill,Australia,CDM,CDM,New York City FC,Major League Soccer,26,76.0,61.0,65.0,68.0,66.0,77.0,70,67.0,11.5,8,70.0,1
Mathew Allan Leckie,Mathew Allan Leckie,Australia,CM,CM,Melbourne City FC,A-League Men,34,79.0,68.0,67.0,74.0,63.0,76.0,70,68.19999999999999,8.5,8,70.0,1
Nicholas D'Agostino,Nicholas D'Agostino,Australia,ST,ST,Viking FK,Eliteserien,27,84.0,67.0,61.0,69.0,44.0,81.0,70,64.6,10.25,8,70.0,1
Jamie MacLaren,Jamie MacLaren,Australia,ST,ST,Mohun Bagan Super Giant,Super League,31,77.0,69.0,60.0,67.0,35.0,69.0,69,63.6,10.75,8,69.0,1
Jordan Jacob Bos,Jordan Jacob Bos,Australia,LB,LB,Feyenoord,Eredivisie,22,87.0,58.0,60.0,68.0,61.0,79.0,69,63.6,5.75,8,69.0,1
Gianni Ryan Stensness,Gianni Ryan Stensness,Australia,CB,CB,Viking FK,Eliteserien,26,67.0,42.0,57.0,60.0,66.0,80.0,69,61.8,8.25,8,69.0,1
Adam Jake Taggart,Adam Jake Taggart,Australia,ST,ST,Perth Glory,A-League Men,32,80.0,68.0,63.0,68.0,38.0,72.0,69,65.4,13.25,8,69.0,1
Kai Clifton Trewin,Kai Clifton Trewin,Australia,CB,CB,Melbourne City FC,A-League Men,24,66.0,43.0,58.0,59.0,69.0,79.0,69,62.4,13.5,8,69.0,1
Joe Anthony Gauci,Joe Anthony Gauci,Australia,GK,GK,Port Vale,League One,24,45.0,45.0,45.0,45.0,45.0,45.0,68,68.0,68.0,8,68.0,1
Fran Karačić,Fran Karačić,Australia,RB,RB,Hajduk Split,Hrvatska nogometna liga,29,80.0,46.0,61.0,65.0,61.0,73.0,68,63.800000000000004,9.75,8,68.0,1
Hakan Çalhanoğlu,Hakan Çalhanoğlu,Turkey,CDM,CDM,Inter,Serie A,31,71.0,81.0,87.0,82.0,81.0,73.0,86,86.6,9.75,74,86.0,1
Orkun Kökçü,Orkun Kökçü,Turkey,CM,CM,Beşiktaş JK,Süper Lig,24,72.0,80.0,84.0,80.0,70.0,79.0,82,83.2,8.25,52,82.0,1
Arda Güler,Arda Güler,Turkey,RM,RM,Real Madrid,La Liga,20,70.0,77.0,83.0,83.0,52.0,50.0,81,82.19999999999999,11.75,8,81.0,1
Barış Alper Yılmaz,Barış Alper Yılmaz,Turkey,LM,LM,Galatasaray SK,Süper Lig,25,93.0,77.0,72.0,79.0,69.0,90.0,80,75.19999999999999,10.75,52,80.0,1
Uğurcan Çakır,Uğurcan Çakır,Turkey,GK,GK,Galatasaray SK,Süper Lig,29,45.0,45.0,45.0,45.0,45.0,45.0,80,80.0,79.0,8,80.0,1
Muhammed Kerem Aktürkoğlu,Muhammed Kerem Aktürkoğlu,Turkey,LW,LW,Fenerbahçe SK,Süper Lig,26,85.0,75.0,74.0,81.0,41.0,58.0,80,76.4,8.75,8,80.0,1
Abdülkerim Bardakcı,Abdülkerim Bardakcı,Turkey,CB,CB,Galatasaray SK,Süper Lig,30,59.0,46.0,70.0,69.0,81.0,85.0,80,74.0,10.5,52,80.0,1
Ferdi Erenay Kadıoğlu,Ferdi Erenay Kadıoğlu,Turkey,RB,RB,Brighton & Hove Albion,Premier League,25,82.0,68.0,74.0,80.0,76.0,67.0,79,76.0,9.75,52,79.0,1
Kenan Yıldız,Kenan Yıldız,Turkey,CAM,CAM,Juventus,Serie A,20,84.0,78.0,74.0,83.0,35.0,66.0,79,76.0,12.5,8,79.0,1
Fehmi Mert Günok,Fehmi Mert Günok,Turkey,GK,GK,Beşiktaş JK,Süper Lig,36,45.0,45.0,45.0,45.0,45.0,45.0,78,78.0,76.75,8,78.0,1
İrfan Can Kahveci,İrfan Can Kahveci,Turkey,RW,RW,Fenerbahçe SK,Süper Lig,29,73.0,77.0,81.0,80.0,58.0,67.0,78,79.80000000000001,13.0,8,78.0,1
Merih Demiral,Merih Demiral,Turkey,CB,CB,Al Ahli SFC,Pro League,27,73.0,39.0,49.0,61.0,79.0,81.0,78,60.6,9.75,8,78.0,1
Yunus Akgün,Yunus Akgün,Turkey,RM,RM,Galatasaray SK,Süper Lig,24,87.0,78.0,74.0,81.0,40.0,61.0,78,75.6,7.25,8,78.0,1
Oğuz Aydın,Oğuz Aydın,Turkey,LW,LW,Fenerbahçe SK,Süper Lig,24,85.0,72.0,71.0,78.0,56.0,67.0,77,73.4,8.5,8,77.0,1
Berke Özer,Berke Özer,Turkey,GK,GK,Lille OSC,Ligue 1,25,45.0,45.0,45.0,45.0,45.0,45.0,77,77.0,76.25,8,77.0,1
Enes Ünal,Enes Ünal,Turkey,ST,ST,AFC Bournemouth,Premier League,28,66.0,79.0,68.0,75.0,40.0,73.0,77,71.6,12.0,30,77.0,1
İsmail Yüksek,İsmail Yüksek,Turkey,CDM,CDM,Fenerbahçe SK,Süper Lig,26,74.0,59.0,70.0,73.0,74.0,78.0,77,72.8,13.75,8,77.0,1
Çağlar Söyüncü,Çağlar Söyüncü,Turkey,CB,CB,Fenerbahçe SK,Süper Lig,29,69.0,47.0,58.0,65.0,77.0,80.0,77,65.6,6.75,8,77.0,1
Cengiz Ünder,Cengiz Ünder,Turkey,RW,RW,Beşiktaş JK,Süper Lig,27,77.0,74.0,76.0,78.0,38.0,56.0,76,76.0,9.75,8,76.0,1
Mehmet Zeki Çelik,Mehmet Zeki Çelik,Turkey,RB,RB,Roma,Serie A,28,72.0,59.0,69.0,73.0,73.0,74.0,76,71.8,11.0,30,76.0,1
Kaan Ayhan,Kaan Ayhan,Turkey,RB,RB,Galatasaray SK,Süper Lig,30,57.0,62.0,77.0,69.0,78.0,77.0,76,76.6,12.5,8,76.0,1
Atakan Karazor,Atakan Karazor,Turkey,CDM,CDM,VfB Stuttgart,Bundesliga,28,45.0,36.0,63.0,68.0,77.0,74.0,76,68.2,9.5,8,76.0,1
Evren Eren Elmalı,Evren Eren Elmalı,Turkey,LB,LB,Galatasaray SK,Süper Lig,24,83.0,52.0,72.0,72.0,69.0,77.0,75,73.19999999999999,8.25,8,75.0,1
Ozan Muhammed Kabak,Ozan Muhammed Kabak,Turkey,CB,CB,TSG 1899 Hoffenheim,Bundesliga,25,60.0,37.0,59.0,66.0,74.0,79.0,75,65.4,8.5,30,75.0,1
Mert Müldür,Mert Müldür,Turkey,RB,RB,Fenerbahçe SK,Süper Lig,26,76.0,54.0,65.0,73.0,71.0,75.0,74,68.6,6.25,8,74.0,1
Doğuhan Aral Şimşir,Doğuhan Aral Şimşir,Turkey,LW,LW,FC Midtjylland,Superliga,23,80.0,64.0,72.0,75.0,36.0,66.0,73,72.4,10.75,8,73.0,1
Florian Richard Wirtz,Florian Richard Wirtz,Germany,CAM,CAM,Liverpool,Premier League,22,80.0,82.0,88.0,90.0,54.0,67.0,89,88.4,11.0,96,89.0,1
Joshua Walter Kimmich,Joshua Walter Kimmich,Germany,CDM,CDM,FC Bayern München,Bundesliga,30,72.0,74.0,89.0,84.0,83.0,79.0,89,89.0,13.25,74,89.0,1
Jamal Musiala,Jamal Musiala,Germany,CAM,CAM,FC Bayern München,Bundesliga,22,80.0,82.0,80.0,90.0,66.0,65.0,88,83.2,8.5,74,88.0,1
Jonathan Glao Tah,Jonathan Glao Tah,Germany,CB,CB,FC Bayern München,Bundesliga,29,63.0,38.0,60.0,63.0,87.0,86.0,87,70.80000000000001,10.5,74,87.0,1
Antonio Rüdiger,Antonio Rüdiger,Germany,CB,CB,Real Madrid,La Liga,32,79.0,55.0,72.0,70.0,84.0,86.0,86,77.6,12.25,74,86.0,1
Marc-André ter Stegen,Marc-André ter Stegen,Germany,GK,GK,FC Barcelona,La Liga,33,45.0,45.0,45.0,45.0,45.0,45.0,86,86.0,84.25,74,86.0,1
Nico Cedric Schlotterbeck,Nico Cedric Schlotterbeck,Germany,CB,CB,Borussia Dortmund,Bundesliga,25,74.0,60.0,75.0,73.0,85.0,82.0,85,79.0,11.25,52,85.0,1
Manuel Peter Neuer,Manuel Peter Neuer,Germany,GK,GK,FC Bayern München,Bundesliga,39,45.0,45.0,45.0,45.0,45.0,45.0,84,84.0,82.25,52,84.0,1
İlkay Gündoğan,İlkay Gündoğan,Germany,CM,CM,Galatasaray SK,Süper Lig,34,54.0,79.0,83.0,80.0,74.0,67.0,83,83.0,10.75,52,83.0,1
Oliver Baumann,Oliver Baumann,Germany,GK,GK,TSG 1899 Hoffenheim,Bundesliga,35,45.0,45.0,45.0,45.0,45.0,45.0,83,83.0,81.75,52,83.0,1
Angelo Stiller,Angelo Stiller,Germany,CDM,CDM,VfB Stuttgart,Bundesliga,24,56.0,58.0,83.0,84.0,76.0,71.0,83,83.0,9.75,52,83.0,1
Julian Brandt,Julian Brandt,Germany,CAM,CAM,Borussia Dortmund,Bundesliga,29,74.0,78.0,83.0,84.0,44.0,70.0,83,83.0,11.0,52,83.0,1
Robin Leon Koch,Robin Leon Koch,Germany,CB,CB,Eintracht Frankfurt,Bundesliga,28,66.0,44.0,63.0,66.0,83.0,81.0,82,70.6,7.25,52,82.0,1
Matthias Lukas Ginter,Matthias Lukas Ginter,Germany,CB,CB,SC Freiburg,Bundesliga,31,55.0,58.0,71.0,66.0,85.0,75.0,82,75.4,10.0,52,82.0,1
Emre Can,Emre Can,Germany,CB,CB,Borussia Dortmund,Bundesliga,31,77.0,76.0,72.0,74.0,82.0,84.0,82,76.0,11.5,52,82.0,1
David Raum,David Raum,Germany,LB,LB,RB Leipzig,Bundesliga,27,86.0,61.0,80.0,79.0,74.0,78.0,82,80.80000000000001,9.25,52,82.0,1
Waldemar Anton-,Waldemar Anton-,Germany,CB,CB,Borussia Dortmund,Bundesliga,28,69.0,47.0,67.0,66.0,84.0,84.0,82,73.0,12.25,52,82.0,1
Maximilian Mittelstädt,Maximilian Mittelstädt,Germany,LB,LB,VfB Stuttgart,Bundesliga,28,81.0,62.0,77.0,77.0,78.0,74.0,82,79.0,12.25,52,82.0,1
Leroy Aziz Sané,Leroy Aziz Sané,Germany,RM,RM,Galatasaray SK,Süper Lig,29,87.0,81.0,78.0,85.0,37.0,68.0,82,79.6,10.75,52,82.0,1
Mario Götze,Mario Götze,Germany,CM,CM,Eintracht Frankfurt,Bundesliga,33,60.0,75.0,85.0,85.0,56.0,67.0,82,83.80000000000001,9.25,52,82.0,1
Jonathan Michael Burkardt,Jonathan Michael Burkardt,Germany,ST,ST,Eintracht Frankfurt,Bundesliga,24,83.0,82.0,67.0,81.0,44.0,76.0,82,73.0,10.75,52,82.0,1
Kai Lukas Havertz,Kai Lukas Havertz,Germany,ST,ST,Arsenal,Premier League,26,72.0,79.0,78.0,81.0,48.0,74.0,82,79.6,9.0,52,82.0,1
Tim Kleindienst,Tim Kleindienst,Germany,ST,ST,Borussia Mönchengladbach,Bundesliga,29,67.0,82.0,62.0,70.0,45.0,88.0,81,69.6,9.0,52,81.0,1
Deniz Undav,Deniz Undav,Germany,ST,ST,VfB Stuttgart,Bundesliga,28,66.0,82.0,74.0,80.0,33.0,77.0,80,76.4,11.25,52,80.0,1
Nick Woltemade,Nick Woltemade,Germany,ST,ST,Newcastle United,Premier League,23,67.0,78.0,65.0,79.0,41.0,74.0,79,70.6,9.0,8,79.0,1
Niclas Füllkrug,Niclas Füllkrug,Germany,ST,ST,West Ham United,Premier League,32,57.0,82.0,71.0,73.0,43.0,77.0,79,74.2,11.5,52,79.0,1
Tahith Jose Chong,Tahith Jose Chong,Curacao,CAM,CAM,Sheffield United,Championship,25,77.0,66.0,70.0,73.0,54.0,63.0,71,70.4,9.75,8,71.0,1
Juninho Gracielo Bacuna,Juninho Gracielo Bacuna,Curacao,CDM,CDM,Gaziantep FK,Süper Lig,27,73.0,68.0,69.0,72.0,63.0,76.0,69,69.0,10.25,8,69.0,1
Daijiro Florencio Chirino,Daijiro Florencio Chirino,Curacao,CB,CB,UD Almería,La Liga 2,23,78.0,39.0,61.0,64.0,69.0,73.0,69,64.2,8.5,8,69.0,1
Shurandy Ruggerio Sambo,Shurandy Ruggerio Sambo,Curacao,RB,RB,Sparta Rotterdam,Eredivisie,23,78.0,45.0,59.0,67.0,63.0,72.0,68,62.6,9.0,8,68.0,1
Brandley Mack-Olien Kuwas,Brandley Mack-Olien Kuwas,Curacao,LM,LM,FC Volendam,Eredivisie,32,71.0,69.0,65.0,70.0,33.0,62.0,67,65.8,11.0,8,67.0,1
Xander David Severina,Xander David Severina,Curacao,LW,LW,Casa Pia,Primeira Liga,24,76.0,63.0,60.0,66.0,30.0,45.0,67,62.8,13.5,8,67.0,1
Sherel Constancio Floranus,Sherel Constancio Floranus,Curacao,RB,RB,PEC Zwolle,Eredivisie,26,82.0,42.0,55.0,67.0,62.0,73.0,66,59.400000000000006,9.0,8,66.0,1
Tyrese Noslin,Tyrese Noslin,Curacao,RM,RM,Telstar,Eredivisie,22,81.0,54.0,59.0,65.0,59.0,67.0,66,61.8,8.5,8,66.0,1
Tyrique Mercera,Tyrique Mercera,Curacao,RB,RB,FC Groningen,Eredivisie,21,72.0,44.0,55.0,61.0,59.0,62.0,64,58.6,9.5,8,64.0,1
Martha Ar'jany Jainel,Martha Ar'jany Jainel,Curacao,LB,LB,Rotherham United,League One,21,82.0,49.0,60.0,67.0,56.0,54.0,64,61.6,10.5,8,64.0,1
Livano Comenencia,Livano Comenencia,Curacao,RB,RB,FC Zürich,Super League,21,74.0,43.0,55.0,61.0,57.0,61.0,62,57.8,8.5,8,62.0,1
Tyrick Bodak,Tyrick Bodak,Curacao,GK,GK,Telstar,Eredivisie,23,45.0,45.0,45.0,45.0,45.0,45.0,60,60.0,59.0,8,60.0,1
Rayvien Rosario,Rayvien Rosario,Curacao,LM,LM,Excelsior,Eredivisie,21,74.0,53.0,54.0,63.0,31.0,54.0,60,56.4,9.25,8,60.0,1
Isaiah Ahmed,Isaiah Ahmed,Curacao,CDM,CDM,SC Heerenveen,Eredivisie,19,61.0,44.0,52.0,58.0,56.0,61.0,58,54.400000000000006,8.25,8,58.0,1
Giandro Alejandro Sambo,Giandro Alejandro Sambo,Curacao,LW,LW,Heracles Almelo,Eredivisie,18,66.0,48.0,51.0,65.0,33.0,42.0,57,53.4,9.25,8,57.0,1
Obite Evan Ndicka,Obite Evan Ndicka,Ivory Coast,CB,CB,Roma,Serie A,25,74.0,53.0,69.0,69.0,81.0,82.0,81,73.8,9.25,52,81.0,1
Wilfried Stephane Singo,Wilfried Stephane Singo,Ivory Coast,CB,CB,Galatasaray SK,Süper Lig,24,80.0,59.0,70.0,73.0,79.0,84.0,80,74.0,9.25,8,80.0,1
Ousmane Diomande,Ousmane Diomande,Ivory Coast,CB,CB,Sporting CP,Primeira Liga,21,80.0,26.0,51.0,70.0,79.0,86.0,80,62.599999999999994,6.5,52,80.0,1
Odilon Kossounou Kouakou,Odilon Kossounou Kouakou,Ivory Coast,CB,CB,Atalanta,Serie A,24,80.0,32.0,64.0,67.0,81.0,78.0,80,70.4,7.25,52,80.0,1
Franck Yannick Kessié,Franck Yannick Kessié,Ivory Coast,CDM,CDM,Al Ahli SFC,Pro League,28,78.0,77.0,73.0,78.0,78.0,86.0,80,75.8,10.5,52,80.0,1
Nicolas Pépé,Nicolas Pépé,Ivory Coast,RM,RM,Villarreal CF,La Liga,30,88.0,77.0,76.0,82.0,36.0,67.0,80,77.6,9.75,30,80.0,1
Amad Diallo Traoré,Amad Diallo Traoré,Ivory Coast,CAM,CAM,Manchester United,Premier League,22,85.0,74.0,75.0,83.0,54.0,52.0,79,76.6,11.25,8,79.0,1
Evann Guessand,Evann Guessand,Ivory Coast,RM,RM,Aston Villa,Premier League,24,83.0,76.0,73.0,79.0,36.0,77.0,79,75.4,7.0,8,79.0,1
Emmanuel Elysee Djedje Agbadou Badobre,Emmanuel Elysee Djedje Agbadou Badobre,Ivory Coast,CB,CB,Wolverhampton Wanderers,Premier League,28,80.0,50.0,64.0,66.0,78.0,83.0,79,70.0,9.75,8,79.0,1
Guéla Doué,Guéla Doué,Ivory Coast,RB,RB,RC Strasbourg Alsace,Ligue 1,22,72.0,47.0,70.0,72.0,74.0,78.0,77,72.8,12.0,8,77.0,1
Dazet Wilfried Armel Zaha,Dazet Wilfried Armel Zaha,Ivory Coast,LW,LW,Charlotte FC,Major League Soccer,32,82.0,75.0,72.0,79.0,37.0,72.0,77,74.0,11.5,52,77.0,1
Sébastien Romain Teddy Haller,Sébastien Romain Teddy Haller,Ivory Coast,ST,ST,FC Utrecht,Eredivisie,31,50.0,78.0,62.0,74.0,51.0,76.0,77,68.0,6.5,52,77.0,1
Seko Mohamed Fofana,Seko Mohamed Fofana,Ivory Coast,CM,CM,Stade Rennais FC,Ligue 1,30,68.0,75.0,74.0,76.0,71.0,80.0,77,75.2,9.5,52,77.0,1
Ibrahim Sangaré,Ibrahim Sangaré,Ivory Coast,CDM,CDM,Nottingham Forest,Premier League,27,58.0,65.0,72.0,71.0,77.0,79.0,77,74.0,8.25,52,77.0,1
Jonathan Bamba,Jonathan Bamba,Ivory Coast,LM,LM,Chicago Fire,Major League Soccer,29,83.0,73.0,73.0,78.0,39.0,67.0,77,74.6,11.5,30,77.0,1
Hamed Junior Traoré,Hamed Junior Traoré,Ivory Coast,LM,LM,Olympique de Marseille,Ligue 1,25,78.0,70.0,72.0,80.0,57.0,61.0,77,74.0,10.25,8,77.0,1
Jérémie Boga,Jérémie Boga,Ivory Coast,LW,LW,OGC Nice,Ligue 1,28,85.0,69.0,72.0,81.0,39.0,64.0,76,73.6,13.25,8,76.0,1
Yahia Fofana,Yahia Fofana,Ivory Coast,GK,GK,Çaykur Rizespor,Süper Lig,24,45.0,45.0,45.0,45.0,45.0,45.0,76,76.0,75.5,8,76.0,1
Alban Lafont,Alban Lafont,Ivory Coast,GK,GK,Panathinaikos FC,Super League,26,45.0,45.0,45.0,45.0,45.0,45.0,75,75.0,74.5,8,75.0,1
Christopher Téa Operi,Christopher Téa Operi,Ivory Coast,LB,LB,Medipol Başakşehir FK,Süper Lig,28,78.0,61.0,70.0,72.0,68.0,72.0,74,71.6,13.0,8,74.0,1
Cédric Kipré,Cédric Kipré,Ivory Coast,CB,CB,Ipswich Town,Championship,28,68.0,35.0,49.0,55.0,72.0,87.0,74,59.0,10.0,8,74.0,1
Eric Bertrand Bailly,Eric Bertrand Bailly,Ivory Coast,CB,CB,Real Oviedo,La Liga,31,64.0,42.0,59.0,66.0,74.0,70.0,74,65.0,11.25,8,74.0,1
Christian Michael Kouamé Kouakou,Christian Michael Kouamé Kouakou,Ivory Coast,ST,ST,Fiorentina,Serie A,27,77.0,71.0,67.0,76.0,40.0,66.0,74,69.8,12.25,8,74.0,1
Jean-Philippe Krasso,Jean-Philippe Krasso,Ivory Coast,ST,ST,Paris FC,Ligue 1,27,65.0,73.0,64.0,72.0,21.0,70.0,74,68.0,11.0,8,74.0,1
Yohan Alexandre Mady Boli,Yohan Alexandre Mady Boli,Ivory Coast,ST,ST,Antalyaspor,Süper Lig,31,77.0,73.0,59.0,72.0,39.0,74.0,73,64.6,11.25,8,73.0,1
Mohamed Koné,Mohamed Koné,Ivory Coast,GK,GK,Royal Charleroi Sporting Club,Pro League,23,45.0,45.0,45.0,45.0,45.0,45.0,68,68.0,67.5,8,68.0,1
Moisés Isaac Caicedo Corozo,Moisés Isaac Caicedo Corozo,Ecuador,CDM,CDM,Chelsea,Premier League,23,71.0,64.0,78.0,81.0,84.0,82.0,87,81.6,10.75,74,87.0,1
Willian Joel Pacho Tenorio,Willian Joel Pacho Tenorio,Ecuador,CB,CB,Paris Saint-Germain,Ligue 1,23,80.0,34.0,62.0,62.0,86.0,86.0,86,71.6,11.0,52,86.0,1
Piero Martín Hincapié Reyna,Piero Martín Hincapié Reyna,Ecuador,CB,CB,Arsenal,Premier League,23,84.0,41.0,65.0,72.0,84.0,82.0,83,72.2,9.75,52,83.0,1
Pervis Josué Estupiñán Tenorio,Pervis Josué Estupiñán Tenorio,Ecuador,LB,LB,AC Milan,Serie A,27,76.0,57.0,77.0,78.0,75.0,72.0,79,77.8,8.75,52,79.0,1
Ángelo Smit Preciado Quiñónez,Ángelo Smit Preciado Quiñónez,Ecuador,RM,RM,Sparta Praha,První liga,27,87.0,62.0,70.0,76.0,66.0,71.0,75,72.0,11.5,8,75.0,1
Joel Leandro Ordóñez Guerrero,Joel Leandro Ordóñez Guerrero,Ecuador,CB,CB,Club Brugge KV,Pro League,21,74.0,26.0,54.0,56.0,74.0,79.0,75,62.4,13.0,8,75.0,1
Hernán Ismael Galíndez,Hernán Ismael Galíndez,Ecuador,GK,GK,Huracán,Liga Profesional de Fútbol,38,45.0,45.0,45.0,45.0,45.0,45.0,74,74.0,74.25,8,74.0,1
Ray Kendry Páez Andrade,Ray Kendry Páez Andrade,Ecuador,CAM,CAM,RC Strasbourg Alsace,Ligue 1,18,79.0,68.0,69.0,75.0,43.0,54.0,73,70.6,10.5,8,73.0,1
Alexander Domínguez Carabalí,Alexander Domínguez Carabalí,Ecuador,GK,GK,LDU Quito,Serie A,38,45.0,45.0,45.0,45.0,45.0,45.0,73,73.0,72.75,8,73.0,1
Javier Nicolás Burrai,Javier Nicolás Burrai,Ecuador,GK,GK,Talleres,Liga Profesional de Fútbol,34,45.0,45.0,45.0,45.0,45.0,45.0,72,72.0,71.25,8,72.0,1
José Adoni Cifuentes Charcopa,José Adoni Cifuentes Charcopa,Ecuador,CM,CM,Toronto FC,Major League Soccer,26,71.0,61.0,68.0,73.0,71.0,78.0,72,69.6,11.5,8,72.0,1
Carlos Armando Gruezo Arboleda,Carlos Armando Gruezo Arboleda,Ecuador,CDM,CDM,LDU Quito,Serie A,30,58.0,46.0,62.0,70.0,67.0,75.0,72,66.0,10.5,8,72.0,1
Jhoanner Stalin Chávez Quintero,Jhoanner Stalin Chávez Quintero,Ecuador,LB,LB,RC Lens,Ligue 1,23,85.0,60.0,66.0,72.0,66.0,67.0,72,68.4,12.5,8,72.0,1
Júnior Nazareno Sornoza Moreira,Júnior Nazareno Sornoza Moreira,Ecuador,CAM,CAM,Independiente del Valle,Serie A,31,68.0,73.0,73.0,73.0,41.0,49.0,72,72.6,11.25,8,72.0,1
Leonardo Campana Romero,Leonardo Campana Romero,Ecuador,ST,ST,New England Revolution,Major League Soccer,25,65.0,72.0,48.0,65.0,31.0,71.0,72,57.599999999999994,10.0,8,72.0,1
Leonel Enrique Quiñónez Padilla,Leonel Enrique Quiñónez Padilla,Ecuador,LB,LB,LDU Quito,Serie A,31,75.0,63.0,69.0,68.0,65.0,73.0,71,69.8,11.25,8,71.0,1
Janner Hitcler Corozo Alman,Janner Hitcler Corozo Alman,Ecuador,LM,LM,Barcelona de Guayaquil,Serie A,29,84.0,65.0,65.0,71.0,51.0,64.0,71,67.4,10.0,8,71.0,1
Bryan Josías Ramírez León,Bryan Josías Ramírez León,Ecuador,LM,LM,LDU Quito,Serie A,24,85.0,62.0,64.0,70.0,62.0,66.0,71,66.8,10.5,8,71.0,1
Byron Efraín Palacios Vélez,Byron Efraín Palacios Vélez,Ecuador,ST,ST,Universidad Católica del Ecuador,Serie A,30,75.0,73.0,57.0,66.0,33.0,66.0,71,62.599999999999994,8.75,8,71.0,1
José Joel Carabalí Prado,José Joel Carabalí Prado,Ecuador,LB,LB,Universitario de Deportes,Liga 1,28,87.0,55.0,63.0,69.0,62.0,66.0,70,65.8,8.25,8,70.0,1
José Alfredo Quintero Ordóñez,José Alfredo Quintero Ordóñez,Ecuador,RB,RB,LDU Quito,Serie A,35,82.0,59.0,63.0,68.0,65.0,72.0,70,65.8,9.5,8,70.0,1
Luis David Cangá Sánchez,Luis David Cangá Sánchez,Ecuador,CB,CB,Universidad Católica del Ecuador,Serie A,30,59.0,61.0,55.0,50.0,69.0,79.0,70,61.0,13.75,8,70.0,1
John Yeboah Zamora,John Yeboah Zamora,Ecuador,ST,ST,Venezia,Serie B,25,92.0,66.0,62.0,75.0,26.0,57.0,70,65.19999999999999,10.0,8,70.0,1
John Anthony Mercado Cuero,John Anthony Mercado Cuero,Ecuador,LW,LW,Sparta Praha,První liga,23,86.0,60.0,62.0,72.0,32.0,63.0,70,65.19999999999999,8.5,8,70.0,1
Carlos Jhon Garcés Acosta,Carlos Jhon Garcés Acosta,Ecuador,ST,ST,Cienciano,Liga 1,35,55.0,72.0,52.0,65.0,32.0,77.0,70,59.2,11.75,8,70.0,1
Felipe Salvador Caicedo Corozo,Felipe Salvador Caicedo Corozo,Ecuador,ST,ST,Barcelona de Guayaquil,Serie A,36,57.0,71.0,65.0,64.0,43.0,70.0,69,66.6,9.5,8,69.0,1
Virgil van Dijk,Virgil van Dijk,Netherlands,CB,CB,Liverpool,Premier League,33,73.0,60.0,72.0,72.0,90.0,87.0,90,79.19999999999999,11.25,96,90.0,1
Frenkie de Jong,Frenkie de Jong,Netherlands,CM,CM,FC Barcelona,La Liga,28,82.0,71.0,85.0,87.0,78.0,77.0,87,85.80000000000001,9.75,74,87.0,1
Tijjani Martinus Jan Reijnders Lekatompessy,Tijjani Martinus Jan Reijnders Lekatompessy,Netherlands,CM,CM,Manchester City,Premier League,26,79.0,79.0,82.0,85.0,77.0,77.0,86,83.6,9.75,74,86.0,1
Ryan Jiro Gravenberch,Ryan Jiro Gravenberch,Netherlands,CDM,CDM,Liverpool,Premier League,23,76.0,76.0,81.0,85.0,81.0,81.0,85,82.6,10.75,52,85.0,1
Stefan de Vrij,Stefan de Vrij,Netherlands,CB,CB,Inter,Serie A,33,62.0,41.0,68.0,69.0,86.0,74.0,84,74.4,11.25,52,84.0,1
Cody Mathès Gakpo,Cody Mathès Gakpo,Netherlands,LM,LM,Liverpool,Premier League,26,83.0,82.0,80.0,83.0,47.0,74.0,84,81.6,10.0,52,84.0,1
Xavier Quentin Shay Simons,Xavier Quentin Shay Simons,Netherlands,CAM,CAM,Tottenham Hotspur,Premier League,22,77.0,77.0,80.0,87.0,61.0,70.0,84,81.6,9.5,52,84.0,1
Denzel Justus Morris Dumfries,Denzel Justus Morris Dumfries,Netherlands,RB,RB,Inter,Serie A,29,84.0,70.0,75.0,79.0,79.0,84.0,84,78.6,11.75,52,84.0,1
Nathan Benjamin Aké,Nathan Benjamin Aké,Netherlands,CB,CB,Manchester City,Premier League,30,72.0,53.0,72.0,75.0,84.0,74.0,83,76.4,10.75,52,83.0,1
Jeremie Agyekum Frimpong,Jeremie Agyekum Frimpong,Netherlands,RB,RB,Liverpool,Premier League,24,94.0,62.0,74.0,84.0,72.0,63.0,83,77.6,11.5,52,83.0,1
Micky van de Ven,Micky van de Ven,Netherlands,CB,CB,Tottenham Hotspur,Premier League,24,90.0,49.0,64.0,72.0,82.0,80.0,82,71.2,9.5,52,82.0,1
Matthijs de Ligt,Matthijs de Ligt,Netherlands,CB,CB,Manchester United,Premier League,25,62.0,61.0,62.0,67.0,82.0,83.0,82,70.0,11.25,52,82.0,1
Jurriën David Norman Timber,Jurriën David Norman Timber,Netherlands,RB,RB,Arsenal,Premier League,24,76.0,48.0,72.0,77.0,82.0,80.0,82,76.0,10.0,52,82.0,1
Sven Adriaan Botman,Sven Adriaan Botman,Netherlands,CB,CB,Newcastle United,Premier League,25,56.0,37.0,62.0,65.0,83.0,82.0,82,70.0,10.25,52,82.0,1
Marten Elco de Roon,Marten Elco de Roon,Netherlands,CM,CM,Atalanta,Serie A,34,61.0,74.0,77.0,76.0,83.0,80.0,81,78.6,13.25,52,81.0,1
Memphis Depay,Memphis Depay,Netherlands,ST,ST,,nan,31,79.0,82.0,79.0,83.0,30.0,78.0,81,79.8,11.0,52,81.0,1
Teun Koopmeiners,Teun Koopmeiners,Netherlands,CAM,CAM,Juventus,Serie A,27,70.0,79.0,83.0,78.0,75.0,75.0,81,82.19999999999999,11.0,52,81.0,1
Quinten Ryan Crispito Timber,Quinten Ryan Crispito Timber,Netherlands,CM,CM,Feyenoord,Eredivisie,24,77.0,78.0,76.0,80.0,74.0,83.0,80,77.6,8.0,8,80.0,1
Noa Noëll Lang,Noa Noëll Lang,Netherlands,LW,LW,Napoli,Serie A,26,80.0,77.0,73.0,84.0,50.0,68.0,80,75.8,11.0,8,80.0,1
Jacobus Antonius Peter Cillessen,Jacobus Antonius Peter Cillessen,Netherlands,GK,GK,NEC Nijmegen,Eredivisie,36,45.0,45.0,45.0,45.0,45.0,45.0,79,79.0,78.5,30,79.0,1
Mark Flekken,Mark Flekken,Netherlands,GK,GK,Bayer 04 Leverkusen,Bundesliga,32,45.0,45.0,45.0,45.0,45.0,45.0,78,78.0,77.75,52,78.0,1
Bart Verbruggen,Bart Verbruggen,Netherlands,GK,GK,Brighton & Hove Albion,Premier League,22,45.0,45.0,45.0,45.0,45.0,45.0,78,78.0,77.75,8,78.0,1
Emmanuel Esseh Emegha,Emmanuel Esseh Emegha,Netherlands,ST,ST,RC Strasbourg Alsace,Ligue 1,22,89.0,76.0,58.0,70.0,31.0,79.0,78,66.0,9.25,8,78.0,1
Steven Berghuis,Steven Berghuis,Netherlands,RW,RW,Ajax,Eredivisie,33,71.0,77.0,82.0,77.0,39.0,68.0,78,80.4,10.5,52,78.0,1
Wout François Maria Weghorst,Wout François Maria Weghorst,Netherlands,ST,ST,Ajax,Eredivisie,32,54.0,78.0,62.0,68.0,57.0,87.0,78,68.4,12.0,30,78.0,1
Luuk de Jong,Luuk de Jong,Netherlands,ST,ST,FC Porto,Primeira Liga,34,40.0,78.0,72.0,72.0,55.0,79.0,78,74.4,11.25,52,78.0,1
Kaoru Mitoma,Kaoru Mitoma,Japan,LM,LM,Brighton & Hove Albion,Premier League,28,87.0,73.0,76.0,86.0,57.0,64.0,82,78.4,11.5,52,82.0,1
Takefusa Kubo,Takefusa Kubo,Japan,RM,RM,Real Sociedad,La Liga,24,86.0,77.0,78.0,85.0,40.0,64.0,82,79.6,8.25,52,82.0,1
Ritsu Doan,Ritsu Doan,Japan,RM,RM,Eintracht Frankfurt,Bundesliga,27,82.0,71.0,78.0,85.0,41.0,64.0,82,79.6,10.0,52,82.0,1
Hidemasa Morita,Hidemasa Morita,Japan,CM,CM,Sporting CP,Primeira Liga,30,68.0,72.0,76.0,79.0,73.0,78.0,79,77.2,7.75,8,79.0,1
Wataru Endo,Wataru Endo,Japan,CDM,CDM,Liverpool,Premier League,32,58.0,68.0,71.0,77.0,79.0,73.0,79,74.2,9.5,30,79.0,1
Kaishu Sano,Kaishu Sano,Japan,CDM,CDM,1. FSV Mainz 05,Bundesliga,24,79.0,51.0,67.0,76.0,78.0,75.0,79,71.8,8.5,8,79.0,1
Daizen Maeda,Daizen Maeda,Japan,LW,LW,Celtic,Premiership,27,92.0,79.0,70.0,76.0,65.0,79.0,79,73.6,8.75,8,79.0,1
Takumi Minamino,Takumi Minamino,Japan,LM,LM,AS Monaco,Ligue 1,30,77.0,74.0,75.0,81.0,40.0,64.0,78,76.2,12.5,8,78.0,1
Hiroki Ito,Hiroki Ito,Japan,CB,CB,FC Bayern München,Bundesliga,26,74.0,57.0,71.0,72.0,80.0,72.0,78,73.80000000000001,10.75,30,78.0,1
Ko Itakura,Ko Itakura,Japan,CB,CB,Ajax,Eredivisie,28,75.0,59.0,61.0,74.0,77.0,76.0,77,67.4,10.25,30,77.0,1
Daichi Kamada,Daichi Kamada,Japan,CM,CM,Crystal Palace,Premier League,28,71.0,72.0,77.0,78.0,64.0,66.0,77,77.0,8.25,52,77.0,1
Koki Machida,Koki Machida,Japan,CB,CB,TSG 1899 Hoffenheim,Bundesliga,27,78.0,40.0,60.0,56.0,75.0,82.0,76,66.4,8.75,8,76.0,1
Kyogo Furuhashi,Kyogo Furuhashi,Japan,ST,ST,Birmingham City,Championship,30,84.0,75.0,67.0,75.0,48.0,64.0,75,70.19999999999999,10.5,8,75.0,1
Shuto Machino,Shuto Machino,Japan,ST,ST,Borussia Mönchengladbach,Bundesliga,25,83.0,75.0,68.0,76.0,39.0,76.0,75,70.8,9.25,8,75.0,1
Tsuyoshi Watanabe,Tsuyoshi Watanabe,Japan,CB,CB,Feyenoord,Eredivisie,28,76.0,39.0,52.0,59.0,76.0,78.0,75,61.2,12.75,8,75.0,1
Yukinari Sugawara,Yukinari Sugawara,Japan,RB,RB,SV Werder Bremen,Bundesliga,25,75.0,54.0,73.0,72.0,69.0,70.0,74,73.4,10.0,8,74.0,1
Zion Suzuki,Zion Suzuki,Japan,GK,GK,Parma,Serie A,22,45.0,45.0,45.0,45.0,45.0,45.0,74,74.0,73.5,8,74.0,1
Seiya Maikuma,Seiya Maikuma,Japan,RB,RB,AZ Alkmaar,Eredivisie,27,73.0,61.0,68.0,72.0,70.0,72.0,74,70.4,10.75,8,74.0,1
Ayase Ueda,Ayase Ueda,Japan,ST,ST,Feyenoord,Eredivisie,26,74.0,75.0,58.0,69.0,28.0,69.0,74,64.4,10.0,8,74.0,1
Ado Onaiwu,Ado Onaiwu,Japan,ST,ST,1. FC Magdeburg,2. Bundesliga,29,78.0,72.0,63.0,69.0,38.0,70.0,72,66.6,10.0,8,72.0,1
Yohei Takaoka,Yohei Takaoka,Japan,GK,GK,Vancouver Whitecaps FC,Major League Soccer,29,45.0,45.0,45.0,45.0,45.0,45.0,72,72.0,71.25,8,72.0,1
Kota Takai,Kota Takai,Japan,CB,CB,Tottenham Hotspur,Premier League,20,66.0,32.0,55.0,62.0,72.0,69.0,72,61.8,12.0,8,72.0,1
Miki Yamane,Miki Yamane,Japan,RB,RB,LA Galaxy,Major League Soccer,31,77.0,61.0,66.0,68.0,67.0,72.0,72,68.4,11.0,8,72.0,1
Keigo Tsunemoto,Keigo Tsunemoto,Japan,RB,RB,FC Basel 1893,Super League,26,78.0,52.0,62.0,64.0,68.0,61.0,71,65.6,12.0,8,71.0,1
Leo Brian Kokubo,Leo Brian Kokubo,Japan,GK,GK,Sint-Truidense VV,Pro League,24,45.0,45.0,45.0,45.0,45.0,45.0,70,70.0,69.25,8,70.0,1
Shin Yamada,Shin Yamada,Japan,ST,ST,Celtic,Premiership,25,81.0,68.0,49.0,63.0,30.0,72.0,69,57.0,8.75,8,69.0,1
Alexander Isak,Alexander Isak,Sweden,ST,ST,Liverpool,Premier League,25,83.0,89.0,73.0,85.0,39.0,76.0,88,79.0,7.75,74,88.0,1
Viktor Einar Gyökeres,Viktor Einar Gyökeres,Sweden,ST,ST,Arsenal,Premier League,27,90.0,86.0,73.0,81.0,36.0,91.0,87,78.6,11.25,74,87.0,1
Dejan Kulusevski,Dejan Kulusevski,Sweden,CM,CM,Tottenham Hotspur,Premier League,25,74.0,79.0,84.0,85.0,62.0,81.0,83,83.6,8.5,52,83.0,1
Anthony David Junior Elanga,Anthony David Junior Elanga,Sweden,RW,RW,Newcastle United,Premier League,23,92.0,72.0,76.0,82.0,39.0,70.0,81,78.0,9.0,52,81.0,1
Emil Peter Forsberg,Emil Peter Forsberg,Sweden,CAM,CAM,New York Red Bulls,Major League Soccer,33,64.0,73.0,81.0,80.0,35.0,61.0,79,80.2,11.5,52,79.0,1
Hugo Emanuel Larsson,Hugo Emanuel Larsson,Sweden,CM,CM,Eintracht Frankfurt,Bundesliga,21,77.0,73.0,71.0,78.0,71.0,77.0,78,73.80000000000001,10.25,8,78.0,1
Carl Anders Theodor Starfelt,Carl Anders Theodor Starfelt,Sweden,CB,CB,RC Celta,La Liga,30,74.0,31.0,56.0,68.0,78.0,78.0,78,64.80000000000001,9.5,8,78.0,1
Isak Malcolm Kwaku Hien,Isak Malcolm Kwaku Hien,Sweden,CB,CB,Atalanta,Serie A,26,69.0,37.0,49.0,58.0,79.0,82.0,78,60.6,10.25,8,78.0,1
Daniel Svensson,Daniel Svensson,Sweden,LB,LB,Borussia Dortmund,Bundesliga,23,77.0,56.0,75.0,76.0,73.0,74.0,77,75.8,11.25,8,77.0,1
Gabriel Gudmundsson,Gabriel Gudmundsson,Sweden,LB,LB,Leeds United,Premier League,26,87.0,64.0,71.0,75.0,70.0,75.0,77,73.4,9.0,8,77.0,1
Lucas Erik Holger Bergvall,Lucas Erik Holger Bergvall,Sweden,CM,CM,Tottenham Hotspur,Premier League,19,75.0,63.0,76.0,77.0,71.0,73.0,77,76.4,9.75,8,77.0,1
Mattias Olof Svanberg,Mattias Olof Svanberg,Sweden,CM,CM,VfL Wolfsburg,Bundesliga,26,73.0,70.0,74.0,76.0,66.0,73.0,76,74.8,8.25,30,76.0,1
Algot Sebastian Nanasi,Algot Sebastian Nanasi,Sweden,CAM,CAM,RC Strasbourg Alsace,Ligue 1,23,70.0,65.0,74.0,80.0,32.0,64.0,76,74.8,8.25,8,76.0,1
Niclas Eliasson Santana,Niclas Eliasson Santana,Sweden,RM,RM,AEK Athens,Super League,29,87.0,67.0,73.0,77.0,41.0,65.0,76,74.2,12.0,8,76.0,1
Eric Anders Smith,Eric Anders Smith,Sweden,CDM,CDM,FC St. Pauli,Bundesliga,28,67.0,59.0,67.0,66.0,73.0,79.0,75,70.19999999999999,10.5,8,75.0,1
Victor Jörgen Nilsson Lindelöf,Victor Jörgen Nilsson Lindelöf,Sweden,CB,CB,Aston Villa,Premier League,30,50.0,51.0,71.0,67.0,76.0,69.0,75,72.6,11.0,30,75.0,1
Håkan Gustaf Nilsson,Håkan Gustaf Nilsson,Sweden,ST,ST,Club Brugge KV,Pro League,28,71.0,75.0,58.0,64.0,32.0,80.0,75,64.8,10.75,8,75.0,1
Viktor Tobias Johansson,Viktor Tobias Johansson,Sweden,GK,GK,Stoke City,Championship,26,45.0,45.0,45.0,45.0,45.0,45.0,74,74.0,74.0,8,74.0,1
Mikael Ishak,Mikael Ishak,Sweden,ST,ST,Lech Poznań,Ekstraklasa,32,70.0,74.0,63.0,67.0,54.0,83.0,74,67.4,11.75,8,74.0,1
Williot Theo Swedberg,Williot Theo Swedberg,Sweden,LW,LW,RC Celta,La Liga,21,74.0,69.0,71.0,76.0,61.0,62.0,74,72.2,9.75,8,74.0,1
Emil Alfons Holm,Emil Alfons Holm,Sweden,RB,RB,Bologna,Serie A,25,83.0,61.0,67.0,71.0,67.0,80.0,74,69.8,8.25,8,74.0,1
Robin Patrick Olsen,Robin Patrick Olsen,Sweden,GK,GK,Malmö FF,Allsvenskan,35,45.0,45.0,45.0,45.0,45.0,45.0,73,73.0,72.75,8,73.0,1
Samuel Elias Dahl,Samuel Elias Dahl,Sweden,LB,LB,SL Benfica,Primeira Liga,22,83.0,51.0,68.0,75.0,65.0,69.0,73,70.0,12.0,8,73.0,1
Pontus Sven Gustav Jansson,Pontus Sven Gustav Jansson,Sweden,CB,CB,Malmö FF,Allsvenskan,34,57.0,45.0,51.0,59.0,73.0,81.0,73,59.8,6.75,8,73.0,1
Emil Henry ­Kristoffer Krafth,Emil Henry ­Kristoffer Krafth,Sweden,CB,CB,Newcastle United,Premier League,30,53.0,59.0,69.0,70.0,74.0,67.0,73,70.6,10.5,8,73.0,1
Bo Kristoffer Nordfeldt,Bo Kristoffer Nordfeldt,Sweden,GK,GK,AIK,Allsvenskan,36,45.0,45.0,45.0,45.0,45.0,45.0,72,72.0,70.0,8,72.0,1
Ellyes Joris Skhiri,Ellyes Joris Skhiri,Tunisia,CDM,CDM,Eintracht Frankfurt,Bundesliga,30,64.0,73.0,74.0,75.0,80.0,74.0,80,76.4,14.25,52,80.0,1
Ali Abdi,Ali Abdi,Tunisia,LB,LB,OGC Nice,Ligue 1,31,86.0,62.0,70.0,73.0,69.0,75.0,76,72.4,11.25,8,76.0,1
Hannibal Mejbri,Hannibal Mejbri,Tunisia,CM,CM,Burnley,Premier League,22,76.0,63.0,73.0,76.0,68.0,82.0,74,73.4,8.0,8,74.0,1
Montassar Omar Talbi,Montassar Omar Talbi,Tunisia,CB,CB,FC Lorient,Ligue 1,27,56.0,30.0,42.0,57.0,73.0,76.0,73,54.400000000000006,10.25,8,73.0,1
Ismaël Gharbi Álvarez,Ismaël Gharbi Álvarez,Tunisia,LM,LM,FC Augsburg,Bundesliga,21,78.0,67.0,69.0,79.0,41.0,56.0,73,70.6,9.75,8,73.0,1
Mohamed Elias Achouri,Mohamed Elias Achouri,Tunisia,LM,LM,FC København,Superliga,26,85.0,64.0,65.0,74.0,32.0,58.0,72,67.8,13.25,8,72.0,1
Amor Yonas Layouni,Amor Yonas Layouni,Tunisia,RW,RW,BK Häcken,Allsvenskan,32,92.0,71.0,64.0,70.0,41.0,77.0,72,67.2,12.0,8,72.0,1
Elias Saad,Elias Saad,Tunisia,LW,LW,FC Augsburg,Bundesliga,25,74.0,67.0,67.0,77.0,31.0,59.0,72,69.0,10.0,8,72.0,1
Yan Valery,Yan Valery,Tunisia,RB,RB,Sheffield Wednesday,Championship,26,62.0,52.0,63.0,68.0,70.0,74.0,71,66.2,12.75,8,71.0,1
Saîf-Eddine Khaoui,Saîf-Eddine Khaoui,Tunisia,CAM,CAM,Red Star FC,Ligue 2,30,50.0,68.0,71.0,71.0,49.0,59.0,70,70.6,12.25,8,70.0,1
Sebastian Tounekti,Sebastian Tounekti,Tunisia,LM,LM,Celtic,Premiership,22,78.0,62.0,62.0,70.0,24.0,63.0,69,64.8,7.5,8,69.0,1
Mortadha Ben Ouanes,Mortadha Ben Ouanes,Tunisia,LB,LB,Kasımpaşa SK,Süper Lig,30,72.0,60.0,68.0,68.0,66.0,65.0,69,68.4,13.5,8,69.0,1
Hamza Rafia,Hamza Rafia,Tunisia,CM,CM,Lecce,Serie A,26,60.0,67.0,68.0,74.0,48.0,63.0,68,68.0,11.25,8,68.0,1
Idris El Mizouni,Idris El Mizouni,Tunisia,CM,CM,Leyton Orient,League One,24,64.0,58.0,64.0,65.0,62.0,73.0,68,65.6,9.0,8,68.0,1
Dylan Daniel Mahmoud Bronn,Dylan Daniel Mahmoud Bronn,Tunisia,CB,CB,Servette FC,Super League,30,60.0,61.0,64.0,61.0,68.0,76.0,68,65.6,8.0,8,68.0,1
Sayfallah Ltaief,Sayfallah Ltaief,Tunisia,LM,LM,Sparta Rotterdam,Eredivisie,25,84.0,61.0,61.0,71.0,32.0,63.0,68,63.800000000000004,9.5,8,68.0,1
Anis Ben Slimane,Anis Ben Slimane,Tunisia,CM,CM,Norwich City,Championship,24,65.0,61.0,62.0,68.0,58.0,75.0,67,64.0,10.5,8,67.0,1
Alaa Ghram,Alaa Ghram,Tunisia,CB,CB,Shakhtar Donetsk,Premier League,23,72.0,42.0,57.0,63.0,67.0,69.0,67,61.0,9.75,8,67.0,1
Mohamed Belhadj Mahmoud,Mohamed Belhadj Mahmoud,Tunisia,CDM,CDM,FC Lugano,Super League,25,67.0,58.0,63.0,66.0,64.0,70.0,67,64.6,9.0,8,67.0,1
Mohammed Amin Cherni,Mohammed Amin Cherni,Tunisia,LB,LB,Göztepe SK,Süper Lig,23,74.0,33.0,54.0,60.0,59.0,67.0,66,58.8,11.75,8,66.0,1
Rami Kaib,Rami Kaib,Tunisia,LB,LB,Halmstads BK,Allsvenskan,28,74.0,46.0,63.0,63.0,57.0,67.0,65,63.8,10.75,8,65.0,1
Mohamed Dräger,Mohamed Dräger,Tunisia,RB,RB,Eintracht Braunschweig,2. Bundesliga,29,67.0,62.0,61.0,65.0,61.0,61.0,65,62.6,10.0,8,65.0,1
Chiheb Labidi,Chiheb Labidi,Tunisia,CM,CM,CD Nacional,Primeira Liga,24,64.0,51.0,61.0,66.0,61.0,71.0,65,62.6,8.75,8,65.0,1
Louey Ben Farhat,Louey Ben Farhat,Tunisia,ST,ST,Karlsruher SC,2. Bundesliga,18,83.0,62.0,61.0,73.0,34.0,45.0,64,62.2,12.0,8,64.0,1
Adel Bettaieb,Adel Bettaieb,Tunisia,ST,ST,FC Argeș,Liga I,28,66.0,62.0,53.0,60.0,22.0,59.0,61,56.2,12.75,8,61.0,1
Anisse Saidi,Anisse Saidi,Tunisia,ST,ST,San Diego FC,Major League Soccer,17,53.0,52.0,34.0,44.0,19.0,41.0,48,39.6,11.5,8,48.0,1
Thibaut Nicolas Marc Courtois,Thibaut Nicolas Marc Courtois,Belgium,GK,GK,Real Madrid,La Liga,33,45.0,45.0,45.0,45.0,45.0,45.0,89,89.0,88.0,96,89.0,1
Kevin De Bruyne,Kevin De Bruyne,Belgium,CM,CM,Napoli,Serie A,34,66.0,83.0,92.0,84.0,65.0,72.0,87,90.0,12.75,74,87.0,1
Youri Tielemans,Youri Tielemans,Belgium,CM,CM,Aston Villa,Premier League,28,54.0,79.0,85.0,80.0,75.0,72.0,85,85.0,10.0,52,85.0,1
Romelu Menama Lukaku Bolingoli,Romelu Menama Lukaku Bolingoli,Belgium,ST,ST,Napoli,Serie A,32,79.0,82.0,75.0,75.0,41.0,84.0,84,78.6,10.0,52,84.0,1
Leandro Trossard,Leandro Trossard,Belgium,LW,LW,Arsenal,Premier League,30,80.0,81.0,80.0,85.0,30.0,60.0,83,81.2,9.0,52,83.0,1
Ikoma Loïs Openda,Ikoma Loïs Openda,Belgium,ST,ST,Juventus,Serie A,25,95.0,81.0,69.0,81.0,31.0,80.0,83,74.6,9.5,52,83.0,1
Matz Willy Els Sels,Matz Willy Els Sels,Belgium,GK,GK,Nottingham Forest,Premier League,33,45.0,45.0,45.0,45.0,45.0,45.0,83,83.0,82.0,52,83.0,1
Koen Casteels,Koen Casteels,Belgium,GK,GK,Al Qadsiah FC,Pro League,33,45.0,45.0,45.0,45.0,45.0,45.0,82,82.0,82.25,52,82.0,1
Dodi Lukébakio Ngandoli,Dodi Lukébakio Ngandoli,Belgium,RM,RM,SL Benfica,Primeira Liga,27,87.0,81.0,76.0,83.0,31.0,64.0,82,78.4,9.75,52,82.0,1
Charles De Ketelaere,Charles De Ketelaere,Belgium,CAM,CAM,Atalanta,Serie A,24,70.0,79.0,80.0,83.0,56.0,68.0,82,80.80000000000001,8.75,52,82.0,1
Yannick Ferreira Carrasco,Yannick Ferreira Carrasco,Belgium,LW,LW,Al Shabab,Pro League,31,87.0,80.0,77.0,85.0,58.0,67.0,81,78.6,10.0,52,81.0,1
Jérémy Doku,Jérémy Doku,Belgium,LW,LW,Manchester City,Premier League,23,91.0,71.0,72.0,87.0,32.0,68.0,80,75.19999999999999,10.5,52,80.0,1
Arthur Nicolas Theate,Arthur Nicolas Theate,Belgium,CB,CB,Eintracht Frankfurt,Bundesliga,25,67.0,40.0,70.0,71.0,80.0,82.0,80,74.0,8.5,8,80.0,1
Hans Vanaken,Hans Vanaken,Belgium,CAM,CAM,Club Brugge KV,Pro League,32,45.0,79.0,84.0,77.0,60.0,78.0,80,82.4,11.25,52,80.0,1
Maxim De Cuyper,Maxim De Cuyper,Belgium,LB,LB,Brighton & Hove Albion,Premier League,24,76.0,73.0,80.0,79.0,75.0,75.0,80,80.0,8.5,8,80.0,1
Amadou Zeund Georges Ba Mvom Onana,Amadou Zeund Georges Ba Mvom Onana,Belgium,CDM,CDM,Aston Villa,Premier League,23,74.0,62.0,72.0,73.0,78.0,81.0,79,74.8,9.5,8,79.0,1
Alexis Jesse Saelemaekers,Alexis Jesse Saelemaekers,Belgium,RM,RM,AC Milan,Serie A,26,80.0,67.0,75.0,81.0,66.0,63.0,79,76.6,9.75,8,79.0,1
Malick Martin Fofana,Malick Martin Fofana,Belgium,LM,LM,Olympique Lyonnais,Ligue 1,20,86.0,69.0,70.0,82.0,40.0,48.0,78,73.2,9.25,8,78.0,1
Saint-Cyr Johan Bakayoko,Saint-Cyr Johan Bakayoko,Belgium,RW,RW,RB Leipzig,Bundesliga,22,85.0,72.0,70.0,81.0,33.0,63.0,78,73.2,9.0,8,78.0,1
Axel Laurent Angel Lambert Witsel,Axel Laurent Angel Lambert Witsel,Belgium,CB,CB,Girona FC,La Liga,36,31.0,63.0,76.0,74.0,79.0,66.0,77,76.4,7.25,52,77.0,1
Matte Smets,Matte Smets,Belgium,CB,CB,KRC Genk,Pro League,21,65.0,33.0,69.0,67.0,77.0,74.0,76,71.8,8.75,8,76.0,1
Thomas Andre A. Meunier,Thomas Andre A. Meunier,Belgium,RB,RB,Lille OSC,Ligue 1,33,63.0,74.0,72.0,71.0,75.0,81.0,76,73.6,9.0,52,76.0,1
Timothy Castagne,Timothy Castagne,Belgium,RB,RB,Fulham FC,Premier League,29,68.0,57.0,70.0,72.0,74.0,71.0,76,72.4,12.0,8,76.0,1
Brandon Mechele,Brandon Mechele,Belgium,CB,CB,Club Brugge KV,Pro League,32,49.0,40.0,55.0,56.0,80.0,78.0,76,63.400000000000006,10.75,8,76.0,1
Koni De Winter,Koni De Winter,Belgium,CB,CB,AC Milan,Serie A,23,67.0,40.0,58.0,66.0,75.0,72.0,74,64.4,9.5,8,74.0,1
Zeno Van Den Bosch,Zeno Van Den Bosch,Belgium,CB,CB,Royal Antwerp FC,Pro League,21,60.0,28.0,65.0,53.0,74.0,73.0,74,68.6,9.75,8,74.0,1
Mohamed Salah Hamed Ghaly,Mohamed Salah Hamed Ghaly,Egypt,RM,RM,Liverpool,Premier League,33,89.0,88.0,86.0,90.0,45.0,76.0,91,88.0,13.25,96,91.0,1
Omar Khaled Mohamed Marmoush,Omar Khaled Mohamed Marmoush,Egypt,ST,ST,Manchester City,Premier League,26,89.0,85.0,76.0,86.0,34.0,71.0,84,79.2,10.75,52,84.0,1
Ahmed Elsayed Ali Elsayed Hegazy,Ahmed Elsayed Ali Elsayed Hegazy,Egypt,CB,CB,NEOM SC,Pro League,34,33.0,26.0,50.0,54.0,75.0,77.0,75,60.0,11.5,8,75.0,1
Mohamed Abdelmonem,Mohamed Abdelmonem,Egypt,CB,CB,OGC Nice,Ligue 1,26,62.0,40.0,63.0,61.0,74.0,74.0,74,67.4,12.0,8,74.0,1
Mostafa Mohamed Ahmed Abdalla,Mostafa Mohamed Ahmed Abdalla,Egypt,ST,ST,FC Nantes,Ligue 1,27,70.0,74.0,58.0,67.0,37.0,78.0,73,64.0,10.25,8,73.0,1
Ahmed Hassan Mahgoub,Ahmed Hassan Mahgoub,Egypt,ST,ST,Al Ettifaq,Pro League,32,51.0,73.0,56.0,67.0,30.0,76.0,72,62.400000000000006,13.5,8,72.0,1
Rami Hisham Abdel Aziz Rabia,Rami Hisham Abdel Aziz Rabia,Egypt,CB,CB,Al Ain,Pro League,32,60.0,49.0,55.0,55.0,67.0,72.0,67,59.8,10.5,8,67.0,1
Omar Fayed,Omar Fayed,Egypt,CB,CB,FC Arouca,Primeira Liga,21,59.0,34.0,50.0,57.0,65.0,69.0,65,56.0,10.5,8,65.0,1
Karim Ashraf Ahmed,Karim Ashraf Ahmed,Egypt,ST,ST,Al Akhdoud Saudi Club,Pro League,21,65.0,50.0,39.0,50.0,32.0,65.0,53,44.6,9.0,8,53.0,1
Sonny Sharples-Ahmed,Sonny Sharples-Ahmed,Egypt,CM,CM,Bolton Wanderers,League One,20,67.0,45.0,52.0,55.0,47.0,50.0,52,52.0,9.5,8,52.0,1
Mehdi Taremi,Mehdi Taremi,Iran,ST,ST,Olympiacos FC,Super League,32,74.0,78.0,74.0,78.0,38.0,68.0,78,75.6,10.75,30,78.0,1
Seyed Allahyar Sayyadmanesh Shiadeh,Seyed Allahyar Sayyadmanesh Shiadeh,Iran,LM,LM,KVC Westerlo,Pro League,24,87.0,70.0,65.0,74.0,47.0,78.0,74,68.6,11.0,8,74.0,1
Ali Gholizadeh,Ali Gholizadeh,Iran,RM,RM,Lech Poznań,Ekstraklasa,29,71.0,67.0,69.0,72.0,46.0,65.0,71,69.8,11.0,8,71.0,1
Amir Abedzadeh,Amir Abedzadeh,Iran,GK,GK,CD Castellón,La Liga 2,32,45.0,45.0,45.0,45.0,45.0,45.0,68,68.0,67.5,8,68.0,1
Seyed Majid Hosseini,Seyed Majid Hosseini,Iran,CB,CB,Kayserispor,Süper Lig,29,56.0,30.0,46.0,50.0,69.0,75.0,68,54.8,11.0,8,68.0,1
Ali Karimi,Ali Karimi,Iran,CDM,CDM,Kayserispor,Süper Lig,31,55.0,60.0,64.0,66.0,65.0,71.0,67,65.2,8.5,8,67.0,1
Christopher Grant Wood,Christopher Grant Wood,New Zealand,ST,ST,Nottingham Forest,Premier League,33,53.0,83.0,68.0,72.0,40.0,81.0,82,73.6,13.25,52,82.0,1
Joe Zen Robert Bell,Joe Zen Robert Bell,New Zealand,CDM,CDM,Viking FK,Eliteserien,26,70.0,64.0,72.0,71.0,69.0,81.0,74,72.8,8.0,8,74.0,1
Liberato Gianpaolo Cacace,Liberato Gianpaolo Cacace,New Zealand,LB,LB,Wrexham,Championship,24,72.0,60.0,67.0,71.0,69.0,74.0,72,69.0,11.0,8,72.0,1
Marko Seufatu Nikola Stamenić,Marko Seufatu Nikola Stamenić,New Zealand,CDM,CDM,Swansea City,Championship,23,67.0,60.0,68.0,71.0,66.0,75.0,71,69.2,10.75,8,71.0,1
Alexander Noah Paulsen,Alexander Noah Paulsen,New Zealand,GK,GK,Lechia Gdańsk,Ekstraklasa,22,45.0,45.0,45.0,45.0,45.0,45.0,71,71.0,69.0,8,71.0,1
Michael Joseph Boxall,Michael Joseph Boxall,New Zealand,CB,CB,Minnesota United FC,Major League Soccer,36,52.0,43.0,60.0,57.0,69.0,80.0,70,64.0,9.25,8,70.0,1
Tyler Grant Bindon,Tyler Grant Bindon,New Zealand,CB,CB,Sheffield United,Championship,20,58.0,46.0,59.0,64.0,68.0,73.0,69,63.0,9.0,8,69.0,1
Francis de Vries,Francis de Vries,New Zealand,LB,LB,Auckland FC,A-League Men,30,64.0,53.0,67.0,62.0,63.0,83.0,69,67.8,8.5,8,69.0,1
Konstantinos Barbarouses,Konstantinos Barbarouses,New Zealand,ST,ST,Western Sydney Wanderers,A-League Men,35,78.0,69.0,58.0,69.0,40.0,77.0,68,62.0,10.25,8,68.0,1
Finn Surman,Finn Surman,New Zealand,CB,CB,Portland Timbers,Major League Soccer,21,65.0,33.0,49.0,55.0,66.0,78.0,68,56.6,13.0,8,68.0,1
Benjamin Craig Old,Benjamin Craig Old,New Zealand,LW,LW,AS Saint-Étienne,Ligue 2,22,82.0,58.0,63.0,71.0,52.0,69.0,68,65.0,7.5,8,68.0,1
Alex Arthur Rufer,Alex Arthur Rufer,New Zealand,CDM,CDM,Wellington Phoenix,A-League Men,29,64.0,59.0,65.0,65.0,63.0,78.0,67,65.8,12.25,8,67.0,1
Callum William McCowatt,Callum William McCowatt,New Zealand,CAM,CAM,Silkeborg IF,Superliga,26,76.0,67.0,65.0,67.0,52.0,67.0,67,65.8,10.0,8,67.0,1
Nando Zen Pijnaker,Nando Zen Pijnaker,New Zealand,CB,CB,Auckland FC,A-League Men,26,60.0,48.0,54.0,53.0,65.0,79.0,67,59.2,12.0,8,67.0,1
Elijah Henry Just,Elijah Henry Just,New Zealand,LW,LW,Motherwell FC,Premiership,25,81.0,66.0,58.0,68.0,38.0,53.0,66,61.2,12.25,8,66.0,1
Ryan Jared Thomas,Ryan Jared Thomas,New Zealand,CM,CM,PEC Zwolle,Eredivisie,30,57.0,58.0,68.0,69.0,57.0,66.0,66,67.2,9.75,8,66.0,1
Maxime Teremoana Crocombe,Maxime Teremoana Crocombe,New Zealand,GK,GK,Millwall FC,Championship,31,45.0,45.0,45.0,45.0,45.0,45.0,65,65.0,64.5,8,65.0,1
Bill Poni Tuiloma,Bill Poni Tuiloma,New Zealand,CB,CB,Charlotte FC,Major League Soccer,30,60.0,52.0,63.0,56.0,63.0,73.0,65,63.8,10.0,8,65.0,1
Matthew Jimmy David Garbett,Matthew Jimmy David Garbett,New Zealand,CAM,CAM,Peterborough United,League One,23,68.0,61.0,62.0,65.0,52.0,65.0,65,63.199999999999996,7.5,8,65.0,1
Logan Tipene Rogerson,Logan Tipene Rogerson,New Zealand,RM,RM,Auckland FC,A-League Men,27,79.0,63.0,56.0,63.0,46.0,72.0,64,59.2,9.25,8,64.0,1
James Robert McGarry,James Robert McGarry,New Zealand,LB,LB,Brisbane Roar,A-League Men,27,82.0,59.0,58.0,67.0,55.0,75.0,64,60.4,9.0,8,64.0,1
Oliver Steven Edward Sail,Oliver Steven Edward Sail,New Zealand,GK,GK,Auckland FC,A-League Men,29,45.0,45.0,45.0,45.0,45.0,45.0,63,63.0,62.5,8,63.0,1
Sam Harry Sutton,Sam Harry Sutton,New Zealand,LB,LB,Perth Glory,A-League Men,23,79.0,57.0,62.0,65.0,55.0,71.0,63,62.4,7.5,8,63.0,1
Cameron Drew Neru Howieson,Cameron Drew Neru Howieson,New Zealand,CM,CM,Auckland FC,A-League Men,30,70.0,61.0,62.0,62.0,54.0,69.0,62,62.0,11.75,8,62.0,1
Benjamin Peter Waine,Benjamin Peter Waine,New Zealand,ST,ST,Port Vale,League One,24,77.0,61.0,54.0,60.0,44.0,68.0,62,57.2,11.25,8,62.0,1
Luke Brooke-Smith,Luke Brooke-Smith,New Zealand,RW,RW,Wellington Phoenix,A-League Men,17,78.0,57.0,49.0,59.0,40.0,73.0,57,52.2,7.25,8,57.0,1
Rodrigo Hernández Cascante,Rodrigo Hernández Cascante,Spain,CDM,CDM,Manchester City,Premier League,29,65.0,80.0,86.0,84.0,86.0,85.0,90,87.6,10.5,96,90.0,1
Pedro González López,Pedro González López,Spain,CM,CM,FC Barcelona,La Liga,22,77.0,73.0,85.0,91.0,78.0,77.0,89,86.6,8.75,74,89.0,1
Lamine Yamal Nasraoui Ebana,Lamine Yamal Nasraoui Ebana,Spain,RM,RM,FC Barcelona,La Liga,17,85.0,81.0,86.0,90.0,23.0,53.0,89,87.2,9.75,96,89.0,1
David Raya Martín,David Raya Martín,Spain,GK,GK,Arsenal,Premier League,29,45.0,45.0,45.0,45.0,45.0,45.0,87,87.0,85.5,74,87.0,1
Nicholas Williams Arthuer,Nicholas Williams Arthuer,Spain,LM,LM,Athletic Club,La Liga,22,93.0,76.0,80.0,87.0,36.0,66.0,86,82.4,12.0,52,86.0,1
Daniel Olmo Carvajal,Daniel Olmo Carvajal,Spain,CAM,CAM,FC Barcelona,La Liga,27,73.0,79.0,83.0,87.0,50.0,56.0,85,83.8,13.25,52,85.0,1
David de Gea Quintana,David de Gea Quintana,Spain,GK,GK,Fiorentina,Serie A,34,45.0,45.0,45.0,45.0,45.0,45.0,85,85.0,83.5,52,85.0,1
Daniel Carvajal Ramos,Daniel Carvajal Ramos,Spain,RB,RB,Real Madrid,La Liga,33,80.0,58.0,79.0,81.0,81.0,79.0,85,81.4,12.5,74,85.0,1
Íñigo Martínez Berridi,Íñigo Martínez Berridi,Spain,CB,CB,Al Nassr,Pro League,34,71.0,57.0,72.0,68.0,85.0,80.0,85,77.19999999999999,13.0,52,85.0,1
Unai Simón Mendibil,Unai Simón Mendibil,Spain,GK,GK,Athletic Club,La Liga,28,45.0,45.0,45.0,45.0,45.0,45.0,85,85.0,83.25,52,85.0,1
Fabián Ruiz Peña,Fabián Ruiz Peña,Spain,CM,CM,Paris Saint-Germain,Ligue 1,29,61.0,77.0,80.0,81.0,75.0,72.0,85,82.0,13.25,52,85.0,1
Marc Cucurella Saseta,Marc Cucurella Saseta,Spain,LB,LB,Chelsea,Premier League,26,75.0,64.0,79.0,80.0,82.0,79.0,84,81.0,10.25,52,84.0,1
Marcos Llorente Moreno,Marcos Llorente Moreno,Spain,RB,RB,Atlético Madrid,La Liga,30,89.0,79.0,78.0,81.0,78.0,82.0,84,80.4,11.25,52,84.0,1
Daniel Vivian Moreno,Daniel Vivian Moreno,Spain,CB,CB,Athletic Club,La Liga,25,79.0,50.0,63.0,72.0,84.0,83.0,84,71.4,8.75,52,84.0,1
Alejandro Baena Rodríguez,Alejandro Baena Rodríguez,Spain,LM,LM,Atlético Madrid,La Liga,23,79.0,76.0,84.0,82.0,65.0,68.0,84,84.0,10.0,52,84.0,1
Alejandro Grimaldo García,Alejandro Grimaldo García,Spain,LM,LM,Bayer 04 Leverkusen,Bundesliga,29,72.0,73.0,87.0,85.0,74.0,67.0,84,85.8,10.0,52,84.0,1
Alejandro Balde Martínez,Alejandro Balde Martínez,Spain,LB,LB,FC Barcelona,La Liga,21,91.0,50.0,75.0,79.0,78.0,67.0,83,78.2,9.0,52,83.0,1
Robin Le Normand,Robin Le Normand,Spain,CB,CB,Atlético Madrid,La Liga,28,65.0,28.0,59.0,63.0,84.0,80.0,83,68.6,11.75,52,83.0,1
Ferran Torres García,Ferran Torres García,Spain,LW,LW,FC Barcelona,La Liga,25,83.0,81.0,79.0,83.0,35.0,68.0,83,80.6,12.0,52,83.0,1
Iago Aspas Juncal,Iago Aspas Juncal,Spain,RW,RW,RC Celta,La Liga,37,77.0,84.0,80.0,84.0,35.0,62.0,83,81.2,13.25,52,83.0,1
Ayoze Pérez Gutiérrez,Ayoze Pérez Gutiérrez,Spain,ST,ST,Villarreal CF,La Liga,31,86.0,83.0,80.0,83.0,59.0,67.0,83,81.2,11.5,52,83.0,1
Pau Cubarsí Paredes,Pau Cubarsí Paredes,Spain,CB,CB,FC Barcelona,La Liga,18,70.0,42.0,66.0,77.0,84.0,76.0,82,72.4,9.25,52,82.0,1
José Ignacio Fernández Iglesias,José Ignacio Fernández Iglesias,Spain,CB,CB,Al Qadsiah FC,Pro League,35,73.0,37.0,68.0,71.0,82.0,79.0,82,73.6,10.25,52,82.0,1
Mikel Oyarzabal Ugarte,Mikel Oyarzabal Ugarte,Spain,ST,ST,Real Sociedad,La Liga,28,77.0,83.0,81.0,82.0,42.0,65.0,82,81.4,10.0,52,82.0,1
Álvaro Borja Morata Martín,Álvaro Borja Morata Martín,Spain,ST,ST,Como,Serie A,32,78.0,81.0,74.0,80.0,31.0,78.0,81,76.8,4.5,52,81.0,1
Gerard Moreno Balagueró,Gerard Moreno Balagueró,Spain,ST,ST,Villarreal CF,La Liga,33,77.0,82.0,77.0,80.0,46.0,71.0,81,78.6,12.25,52,81.0,1
Logan Evans Costa,Logan Evans Costa,Cape Verde,CB,CB,Villarreal CF,La Liga,24,60.0,40.0,59.0,67.0,77.0,78.0,77,66.2,8.0,8,77.0,1
Bruno Miguel Semedo Varela,Bruno Miguel Semedo Varela,Cape Verde,GK,GK,Al Hazem FC,Pro League,30,45.0,45.0,45.0,45.0,45.0,45.0,74,74.0,73.75,8,74.0,1
Nuno Miguel da Costa Jóia,Nuno Miguel da Costa Jóia,Cape Verde,ST,ST,Medipol Başakşehir FK,Süper Lig,34,82.0,73.0,63.0,73.0,27.0,65.0,74,67.4,11.75,8,74.0,1
Steven Moreira,Steven Moreira,Cape Verde,CB,CB,Columbus Crew,Major League Soccer,30,73.0,33.0,67.0,71.0,72.0,74.0,72,69.0,12.0,8,72.0,1
Leandro Livramento Andrade,Leandro Livramento Andrade,Cape Verde,RW,RW,Qarabağ FK,Premyer Liqa,25,75.0,70.0,64.0,75.0,29.0,60.0,72,67.2,10.5,8,72.0,1
Wagner Fabrício Cardoso de Pina,Wagner Fabrício Cardoso de Pina,Cape Verde,RM,RM,Trabzonspor,Süper Lig,22,81.0,57.0,66.0,71.0,65.0,65.0,72,68.4,13.25,8,72.0,1
Telmo Emanuel Gomes Arcanjo,Telmo Emanuel Gomes Arcanjo,Cape Verde,RM,RM,Vitória SC,Primeira Liga,24,74.0,61.0,68.0,71.0,38.0,60.0,71,69.2,9.75,8,71.0,1
Jovane Eduardo Borges Cabral,Jovane Eduardo Borges Cabral,Cape Verde,LW,LW,Estrela da Amadora,Primeira Liga,27,77.0,71.0,68.0,72.0,38.0,68.0,70,68.8,10.25,8,70.0,1
Dailon Rocha Livramento do Rosario,Dailon Rocha Livramento do Rosario,Cape Verde,ST,ST,Casa Pia,Primeira Liga,24,82.0,71.0,56.0,68.0,34.0,64.0,70,61.6,8.5,8,70.0,1
Jamiro Gregory Monteiro Alvarenga,Jamiro Gregory Monteiro Alvarenga,Cape Verde,CAM,CAM,PEC Zwolle,Eredivisie,31,72.0,59.0,70.0,72.0,54.0,68.0,69,69.6,6.25,8,69.0,1
Luís Henrique Barros Lopes,Luís Henrique Barros Lopes,Cape Verde,LM,LM,CD Leganés,La Liga 2,25,81.0,65.0,63.0,71.0,41.0,66.0,68,65.0,7.0,8,68.0,1
Sidnei Wilson Vieira David Tavares,Sidnei Wilson Vieira David Tavares,Cape Verde,CDM,CDM,Blackburn Rovers,Championship,23,66.0,56.0,66.0,66.0,63.0,68.0,68,66.80000000000001,10.75,8,68.0,1
Fabrício Garcia Andrade,Fabrício Garcia Andrade,Cape Verde,LM,LM,GD Estoril Praia,Primeira Liga,24,73.0,67.0,59.0,66.0,28.0,43.0,67,62.2,11.25,8,67.0,1
Vasco Rafael Fortes Lopes,Vasco Rafael Fortes Lopes,Cape Verde,RM,RM,Radomiak Radom,Ekstraklasa,25,80.0,61.0,60.0,70.0,31.0,55.0,67,62.8,9.75,8,67.0,1
Ricardo Alexandre Almeida Santos,Ricardo Alexandre Almeida Santos,Cape Verde,CB,CB,Swansea City,Championship,30,64.0,39.0,47.0,49.0,65.0,82.0,67,55.0,11.75,8,67.0,1
Ivanildo Jorge Mendes Fernandes,Ivanildo Jorge Mendes Fernandes,Cape Verde,CB,CB,CD Nacional,Primeira Liga,29,54.0,28.0,46.0,47.0,65.0,78.0,66,54.0,8.0,8,66.0,1
Sidny Lopes Cabral,Sidny Lopes Cabral,Cape Verde,RB,RB,Estrela da Amadora,Primeira Liga,22,82.0,53.0,63.0,68.0,60.0,62.0,66,64.2,10.5,8,66.0,1
Roberto Carlos Lopes,Roberto Carlos Lopes,Cape Verde,CB,CB,Shamrock Rovers,Premier Division,33,45.0,29.0,46.0,51.0,64.0,77.0,66,54.0,9.25,8,66.0,1
Bryan Silva Teixeira,Bryan Silva Teixeira,Cape Verde,ST,ST,LASK Linz,Bundesliga,24,81.0,64.0,62.0,69.0,48.0,67.0,66,63.599999999999994,11.0,8,66.0,1
Hélder Luís Lopes Vieira Tavares,Hélder Luís Lopes Vieira Tavares,Cape Verde,CDM,CDM,CD Tondela,Primeira Liga,35,53.0,55.0,58.0,61.0,62.0,70.0,65,60.8,10.0,8,65.0,1
Bruno Miguel Santos Leite,Bruno Miguel Santos Leite,Cape Verde,CM,CM,FK Haugesund,Eliteserien,30,68.0,55.0,61.0,66.0,60.0,67.0,65,62.6,11.75,8,65.0,1
Diogo Alexandre de Almeida Mendes,Diogo Alexandre de Almeida Mendes,Cape Verde,CDM,CDM,Rapid Bucuresti,Liga I,27,64.0,48.0,57.0,63.0,63.0,69.0,64,59.8,10.75,8,64.0,1
João Paulino Moreira Fernandes,João Paulino Moreira Fernandes,Cape Verde,CM,CM,Oțelul Galați,Liga I,27,71.0,57.0,61.0,64.0,62.0,63.0,64,62.2,10.25,8,64.0,1
Steve Furtado Pereira,Steve Furtado Pereira,Cape Verde,RB,RB,FCV Farul Constanța,Liga I,30,66.0,45.0,59.0,61.0,58.0,58.0,63,60.6,7.25,8,63.0,1
Fábio Patrick dos Reis dos Santos Fernandes,Fábio Patrick dos Reis dos Santos Fernandes,Cape Verde,ST,ST,Oțelul Galați,Liga I,31,54.0,65.0,52.0,58.0,26.0,74.0,63,56.400000000000006,8.0,8,63.0,1
José Luís Rocha Tavares,José Luís Rocha Tavares,Cape Verde,CAM,CAM,Santa Clara,Primeira Liga,22,67.0,46.0,56.0,66.0,40.0,51.0,60,57.6,8.75,8,60.0,1
Salem Al Dawsari,Salem Al Dawsari,Saudi Arabia,LM,LM,Al Hilal,Pro League,33,87.0,75.0,75.0,84.0,57.0,81.0,82,77.80000000000001,10.75,52,82.0,1
Saud Abdullah Abdul Hamid,Saud Abdullah Abdul Hamid,Saudi Arabia,RB,RB,RC Lens,Ligue 1,25,86.0,46.0,66.0,71.0,69.0,70.0,75,69.6,10.0,8,75.0,1
Firas Tariq Nasser Al Buraikan,Firas Tariq Nasser Al Buraikan,Saudi Arabia,LM,LM,Al Ahli SFC,Pro League,25,78.0,72.0,62.0,74.0,37.0,73.0,75,67.19999999999999,7.25,8,75.0,1
Musab Fahd Al Juwayr,Musab Fahd Al Juwayr,Saudi Arabia,CM,CM,Al Qadsiah FC,Pro League,22,68.0,67.0,79.0,74.0,56.0,70.0,75,77.4,9.75,8,75.0,1
Hassan Mohammed Tambakti,Hassan Mohammed Tambakti,Saudi Arabia,CB,CB,Al Hilal,Pro League,26,83.0,35.0,57.0,64.0,73.0,74.0,72,63.0,11.75,8,72.0,1
Nawaf Dhahi Faisal Al Suwaiti Al Aqidi,Nawaf Dhahi Faisal Al Suwaiti Al Aqidi,Saudi Arabia,GK,GK,Al Nassr,Pro League,25,45.0,45.0,45.0,45.0,45.0,45.0,72,72.0,71.0,8,72.0,1
Mohamed Ibrahim Abdullah Kanno,Mohamed Ibrahim Abdullah Kanno,Saudi Arabia,CM,CM,Al Hilal,Pro League,30,72.0,69.0,70.0,71.0,69.0,76.0,72,70.8,12.25,8,72.0,1
Sultan Abdullah Salem Al Ghannam,Sultan Abdullah Salem Al Ghannam,Saudi Arabia,RB,RB,Al Nassr,Pro League,31,82.0,60.0,72.0,74.0,63.0,70.0,72,72.0,11.0,8,72.0,1
Hassan Kadesh Mahboob,Hassan Kadesh Mahboob,Saudi Arabia,LB,LB,Al Ittihad,Pro League,32,75.0,49.0,62.0,63.0,67.0,79.0,71,65.6,12.75,8,71.0,1
Ahmed Mohammed Sharahili,Ahmed Mohammed Sharahili,Saudi Arabia,CB,CB,Al Ittihad,Pro League,31,72.0,33.0,60.0,63.0,70.0,74.0,71,64.4,11.75,8,71.0,1
Ali Mohammed Ali Lajami,Ali Mohammed Ali Lajami,Saudi Arabia,CB,CB,Al Hilal,Pro League,29,76.0,48.0,58.0,60.0,68.0,77.0,70,62.8,12.25,8,70.0,1
Mohammed Ibrahim Mohammed Al Burayk,Mohammed Ibrahim Mohammed Al Burayk,Saudi Arabia,LB,LB,NEOM SC,Pro League,32,71.0,56.0,73.0,69.0,63.0,66.0,70,71.8,8.75,8,70.0,1
Abdulelah Ali Awadh Al Amri,Abdulelah Ali Awadh Al Amri,Saudi Arabia,CB,CB,Al Nassr,Pro League,28,69.0,29.0,51.0,47.0,68.0,81.0,70,58.599999999999994,10.0,8,70.0,1
Muhannad Mustafa Al Shanqeeti,Muhannad Mustafa Al Shanqeeti,Saudi Arabia,RB,RB,Al Ittihad,Pro League,26,82.0,42.0,62.0,66.0,64.0,69.0,70,65.19999999999999,9.0,8,70.0,1
Abdulrahman Abdullah Ghareeb,Abdulrahman Abdullah Ghareeb,Saudi Arabia,LM,LM,Al Nassr,Pro League,28,84.0,62.0,64.0,74.0,25.0,57.0,70,66.4,9.5,8,70.0,1
Abdulrahman Ali Hassan Al Aboud,Abdulrahman Ali Hassan Al Aboud,Saudi Arabia,RM,RM,Al Ittihad,Pro League,30,88.0,63.0,59.0,72.0,45.0,59.0,70,63.4,10.25,8,70.0,1
Salman Al Faraj,Salman Al Faraj,Saudi Arabia,CM,CM,NEOM SC,Pro League,35,38.0,63.0,77.0,71.0,62.0,58.0,69,73.8,13.75,8,69.0,1
Saleh Al Jamaan Al Amri,Saleh Al Jamaan Al Amri,Saudi Arabia,LM,LM,Al Khaleej,Pro League,31,79.0,65.0,65.0,69.0,34.0,67.0,69,66.6,9.5,8,69.0,1
Saleh Khalid Mohammed Al Shehri,Saleh Khalid Mohammed Al Shehri,Saudi Arabia,ST,ST,Al Ittihad,Pro League,31,66.0,67.0,51.0,64.0,28.0,72.0,69,58.2,12.0,8,69.0,1
Abdullah Al Salem,Abdullah Al Salem,Saudi Arabia,ST,ST,Al Qadsiah FC,Pro League,32,65.0,66.0,60.0,66.0,52.0,76.0,67,62.8,13.25,8,67.0,1
Sultan Ahmed Mohammed Mandash,Sultan Ahmed Mohammed Mandash,Saudi Arabia,RW,RW,Al Taawoun FC,Pro League,30,82.0,58.0,59.0,71.0,25.0,61.0,67,62.2,9.25,8,67.0,1
Abdulfattah Mohamed Adam,Abdulfattah Mohamed Adam,Saudi Arabia,ST,ST,Al Taawoun FC,Pro League,30,77.0,64.0,50.0,66.0,26.0,64.0,66,56.400000000000006,9.5,8,66.0,1
Abdulquddus Atiah Mohammed Qawod,Abdulquddus Atiah Mohammed Qawod,Saudi Arabia,GK,GK,Al Taawoun FC,Pro League,28,45.0,45.0,45.0,45.0,45.0,45.0,65,65.0,65.25,8,65.0,1
Mustafa Reda Malayekah,Mustafa Reda Malayekah,Saudi Arabia,GK,GK,NEOM SC,Pro League,39,45.0,45.0,45.0,45.0,45.0,45.0,64,64.0,63.0,8,64.0,1
Ahmed Abdu Jaber,Ahmed Abdu Jaber,Saudi Arabia,ST,ST,NEOM SC,Pro League,28,55.0,65.0,49.0,61.0,29.0,65.0,64,55.0,9.0,8,64.0,1
Abdullah Abdulrahman Al Hamdan,Abdullah Abdulrahman Al Hamdan,Saudi Arabia,ST,ST,Al Hilal,Pro League,25,73.0,62.0,63.0,61.0,41.0,69.0,64,63.4,8.5,8,64.0,1
Federico Santiago Valverde Dipetta,Federico Santiago Valverde Dipetta,Uruguay,CM,CM,Real Madrid,La Liga,26,88.0,84.0,84.0,84.0,83.0,85.0,89,86.0,9.75,74,89.0,1
Ronald Federico Araújo da Silva,Ronald Federico Araújo da Silva,Uruguay,CB,CB,FC Barcelona,La Liga,26,80.0,53.0,63.0,61.0,81.0,83.0,83,71.0,11.0,52,83.0,1
Lucas Sebastián Torreira di Pascua,Lucas Sebastián Torreira di Pascua,Uruguay,CDM,CDM,Galatasaray SK,Süper Lig,29,76.0,72.0,78.0,79.0,81.0,79.0,83,80.0,6.5,52,83.0,1
José María Giménez de Vargas,José María Giménez de Vargas,Uruguay,CB,CB,Atlético Madrid,La Liga,30,73.0,46.0,60.0,62.0,85.0,82.0,83,69.2,11.25,52,83.0,1
Mauro Wilney Arambarri Rosa,Mauro Wilney Arambarri Rosa,Uruguay,CM,CM,Getafe CF,La Liga,29,65.0,79.0,76.0,77.0,79.0,79.0,80,77.6,10.5,8,80.0,1
Rodrigo Bentancur Colmán,Rodrigo Bentancur Colmán,Uruguay,CDM,CDM,Tottenham Hotspur,Premier League,28,64.0,68.0,78.0,79.0,78.0,72.0,80,78.8,10.25,52,80.0,1
Sebastián Coates Nión,Sebastián Coates Nión,Uruguay,CB,CB,Club Nacional de Football,Primera División,34,60.0,49.0,54.0,61.0,81.0,84.0,79,64.0,14.5,52,79.0,1
Néstor Fernando Muslera Micol,Néstor Fernando Muslera Micol,Uruguay,GK,GK,Estudiantes de La Plata,Liga Profesional de Fútbol,39,45.0,45.0,45.0,45.0,45.0,45.0,79,79.0,79.0,52,79.0,1
Manuel Ugarte Ribeiro,Manuel Ugarte Ribeiro,Uruguay,CDM,CDM,Manchester United,Premier League,24,62.0,65.0,72.0,76.0,77.0,75.0,79,74.8,9.25,52,79.0,1
Rodrigo Zalazar Martínez,Rodrigo Zalazar Martínez,Uruguay,CAM,CAM,Sporting Clube de Braga,Primeira Liga,25,80.0,81.0,79.0,78.0,67.0,74.0,79,79.0,7.75,8,79.0,1
Luis Alberto Suárez Díaz,Luis Alberto Suárez Díaz,Uruguay,ST,ST,Inter Miami,Major League Soccer,38,53.0,82.0,74.0,76.0,41.0,75.0,79,76.0,30.5,52,79.0,1
Darwin Gabriel Núñez Ribeiro,Darwin Gabriel Núñez Ribeiro,Uruguay,ST,ST,Al Hilal,Pro League,26,88.0,79.0,72.0,76.0,49.0,82.0,79,74.8,11.75,52,79.0,1
Leonardo Cecilio Fernández López,Leonardo Cecilio Fernández López,Uruguay,CAM,CAM,Peñarol,Primera División,26,78.0,81.0,78.0,77.0,44.0,64.0,78,78.0,10.25,8,78.0,1
Mathías Olivera Miramontes,Mathías Olivera Miramontes,Uruguay,LB,LB,Napoli,Serie A,27,70.0,51.0,69.0,72.0,77.0,73.0,78,72.6,14.0,8,78.0,1
Cristhian Ricardo Stuani Curbelo,Cristhian Ricardo Stuani Curbelo,Uruguay,ST,ST,Girona FC,La Liga,38,61.0,79.0,69.0,70.0,48.0,76.0,77,72.2,13.5,30,77.0,1
Maximiliano Javier Araújo Vilches,Maximiliano Javier Araújo Vilches,Uruguay,LM,LM,Sporting CP,Primeira Liga,25,85.0,63.0,70.0,79.0,68.0,68.0,77,72.8,10.5,8,77.0,1
Santiago Ignacio Bueno Sciutto,Santiago Ignacio Bueno Sciutto,Uruguay,CB,CB,Wolverhampton Wanderers,Premier League,26,50.0,31.0,56.0,56.0,77.0,77.0,76,64.0,9.0,8,76.0,1
Édinson Roberto Cavani Gómez,Édinson Roberto Cavani Gómez,Uruguay,ST,ST,Boca Juniors,Liga Profesional de Fútbol,38,52.0,79.0,68.0,71.0,51.0,71.0,76,71.2,10.0,74,76.0,1
Nicolás Federico López Alonso,Nicolás Federico López Alonso,Uruguay,ST,ST,Club Nacional de Football,Primera División,31,71.0,81.0,75.0,79.0,25.0,57.0,76,75.4,8.5,8,76.0,1
Miguel Ángel Merentiel Serrano,Miguel Ángel Merentiel Serrano,Uruguay,ST,ST,Boca Juniors,Liga Profesional de Fútbol,29,80.0,75.0,56.0,73.0,37.0,79.0,76,64.0,9.0,8,76.0,1
Leandro Daniel Cabrera Sasía,Leandro Daniel Cabrera Sasía,Uruguay,CB,CB,RCD Espanyol,La Liga,34,49.0,45.0,58.0,54.0,76.0,79.0,75,64.8,14.25,8,75.0,1
Franco Israel Wibmer,Franco Israel Wibmer,Uruguay,GK,GK,Torino,Serie A,25,45.0,45.0,45.0,45.0,45.0,45.0,75,75.0,76.0,8,75.0,1
Pedro Gastón Álvarez Sosa,Pedro Gastón Álvarez Sosa,Uruguay,CB,CB,Al Qadsiah FC,Pro League,25,76.0,27.0,59.0,65.0,76.0,77.0,75,65.4,10.25,8,75.0,1
Gastón Nicolás Martirena Torres,Gastón Nicolás Martirena Torres,Uruguay,RB,RB,Racing Club,Liga Profesional de Fútbol,25,84.0,72.0,69.0,69.0,71.0,65.0,75,71.4,10.75,8,75.0,1
Martín Nicolás Campaña Delgado,Martín Nicolás Campaña Delgado,Uruguay,GK,GK,Peñarol,Primera División,36,45.0,45.0,45.0,45.0,45.0,45.0,74,74.0,72.75,8,74.0,1
Álvaro Santiago Mouriño González,Álvaro Santiago Mouriño González,Uruguay,CB,CB,Villarreal CF,La Liga,23,67.0,36.0,56.0,64.0,73.0,77.0,74,63.2,9.25,8,74.0,1
Kylian Mbappé Lottin,Kylian Mbappé Lottin,France,ST,ST,Real Madrid,La Liga,26,97.0,90.0,81.0,92.0,37.0,76.0,91,85.0,8.75,96,91.0,1
Masour Ousmane Dembélé,Masour Ousmane Dembélé,France,ST,ST,Paris Saint-Germain,Ligue 1,28,91.0,88.0,83.0,93.0,50.0,69.0,90,85.8,8.75,96,90.0,1
William Alain André Gabriel Saliba,William Alain André Gabriel Saliba,France,CB,CB,Arsenal,Premier League,24,77.0,39.0,68.0,72.0,87.0,83.0,87,75.6,9.0,74,87.0,1
Jules Olivier Koundé,Jules Olivier Koundé,France,RB,RB,FC Barcelona,La Liga,26,84.0,47.0,74.0,79.0,86.0,84.0,87,79.2,12.0,74,87.0,1
Mike Peterson Maignan,Mike Peterson Maignan,France,GK,GK,AC Milan,Serie A,29,45.0,45.0,45.0,45.0,45.0,45.0,87,87.0,84.75,74,87.0,1
Ibrahima Konaté,Ibrahima Konaté,France,CB,CB,Liverpool,Premier League,26,77.0,34.0,63.0,69.0,86.0,85.0,86,72.19999999999999,10.0,74,86.0,1
Michael Akpovie Olise,Michael Akpovie Olise,France,RM,RM,FC Bayern München,Bundesliga,23,78.0,80.0,84.0,87.0,50.0,66.0,86,84.8,10.0,52,86.0,1
N'Golo Kanté,N'Golo Kanté,France,CDM,CDM,Al Ittihad,Pro League,34,77.0,65.0,73.0,80.0,85.0,79.0,85,77.8,11.0,52,85.0,1
Dayotchanculle Oswald Upamecano,Dayotchanculle Oswald Upamecano,France,CB,CB,FC Bayern München,Bundesliga,26,77.0,45.0,64.0,73.0,84.0,84.0,85,72.4,9.25,52,85.0,1
Marcus Lilian Thuram-Ulien,Marcus Lilian Thuram-Ulien,France,ST,ST,Inter,Serie A,27,86.0,83.0,76.0,82.0,50.0,80.0,85,79.6,12.0,52,85.0,1
Karim Benzema,Karim Benzema,France,ST,ST,Al Ittihad,Pro League,37,75.0,84.0,81.0,83.0,38.0,77.0,85,82.6,9.0,74,85.0,1
Désiré Doué,Désiré Doué,France,RW,RW,Paris Saint-Germain,Ligue 1,20,83.0,80.0,77.0,90.0,55.0,74.0,85,80.19999999999999,9.75,52,85.0,1
Antoine Griezmann,Antoine Griezmann,France,ST,ST,Atlético Madrid,La Liga,34,77.0,86.0,85.0,88.0,59.0,73.0,85,85.0,12.25,74,85.0,1
Moussa Diaby,Moussa Diaby,France,RM,RM,Al Ittihad,Pro League,25,95.0,75.0,77.0,87.0,44.0,54.0,84,79.8,9.75,52,84.0,1
Theo Bernard François Hernández,Theo Bernard François Hernández,France,LB,LB,Al Hilal,Pro League,27,90.0,76.0,78.0,83.0,79.0,83.0,84,80.4,9.0,52,84.0,1
Aurélien Djani Tchouameni,Aurélien Djani Tchouameni,France,CDM,CDM,Real Madrid,La Liga,25,71.0,69.0,79.0,78.0,81.0,82.0,84,81.0,9.0,52,84.0,1
Benjamin Pavard,Benjamin Pavard,France,CB,CB,Olympique de Marseille,Ligue 1,29,75.0,67.0,76.0,75.0,86.0,79.0,84,79.2,9.5,52,84.0,1
Lucas Chevalier,Lucas Chevalier,France,GK,GK,Paris Saint-Germain,Ligue 1,23,45.0,45.0,45.0,45.0,45.0,45.0,83,83.0,82.25,52,83.0,1
Kingsley Junior Coman,Kingsley Junior Coman,France,LM,LM,Al Nassr,Pro League,29,87.0,75.0,79.0,87.0,30.0,61.0,83,80.6,4.0,52,83.0,1
Eduardo Celmi Camavinga,Eduardo Celmi Camavinga,France,CM,CM,Real Madrid,La Liga,22,80.0,68.0,81.0,84.0,78.0,80.0,83,81.80000000000001,10.5,52,83.0,1
Adrien Rabiot-Provost,Adrien Rabiot-Provost,France,CAM,CAM,AC Milan,Serie A,30,81.0,79.0,81.0,80.0,77.0,84.0,83,81.80000000000001,10.75,52,83.0,1
Boubacar Bernard Kamara,Boubacar Bernard Kamara,France,CDM,CDM,Aston Villa,Premier League,25,64.0,55.0,74.0,75.0,83.0,80.0,83,77.6,9.25,52,83.0,1
Ferland Sinna Mendy,Ferland Sinna Mendy,France,LB,LB,Real Madrid,La Liga,30,85.0,64.0,74.0,75.0,78.0,84.0,81,76.8,10.5,52,81.0,1
Lucas François Bernard Hernández Pi,Lucas François Bernard Hernández Pi,France,CB,CB,Paris Saint-Germain,Ligue 1,29,71.0,54.0,72.0,70.0,82.0,77.0,81,75.6,10.25,52,81.0,1
Mohamed Simakan,Mohamed Simakan,France,CB,CB,Al Nassr,Pro League,25,76.0,43.0,65.0,69.0,82.0,82.0,81,71.4,10.0,30,81.0,1
Brice Lauriche Samba,Brice Lauriche Samba,France,GK,GK,Stade Rennais FC,Ligue 1,31,45.0,45.0,45.0,45.0,45.0,45.0,80,80.0,79.5,52,80.0,1
Sadio Mané,Sadio Mané,Senegal,LM,LM,Al Nassr,Pro League,33,82.0,81.0,78.0,85.0,44.0,75.0,83,80.0,10.25,52,83.0,1
Kalidou Koulibaly,Kalidou Koulibaly,Senegal,CB,CB,Al Hilal,Pro League,34,74.0,48.0,62.0,65.0,82.0,84.0,82,70.0,9.0,52,82.0,1
Boulaye Dia,Boulaye Dia,Senegal,ST,ST,Lazio,Serie A,28,84.0,81.0,67.0,78.0,43.0,73.0,80,72.19999999999999,11.25,8,80.0,1
Nicolas Jackson,Nicolas Jackson,Senegal,ST,ST,FC Bayern München,Bundesliga,24,82.0,77.0,69.0,79.0,40.0,77.0,80,73.4,8.25,52,80.0,1
Édouard Osoque Mendy,Édouard Osoque Mendy,Senegal,GK,GK,Al Ahli SFC,Pro League,33,45.0,45.0,45.0,45.0,45.0,45.0,80,80.0,78.75,52,80.0,1
Iliman Cheikh Baroy Ndiaye,Iliman Cheikh Baroy Ndiaye,Senegal,LM,LM,Everton,Premier League,25,84.0,76.0,70.0,84.0,40.0,63.0,79,73.6,9.75,8,79.0,1
Ismaïla Sarr,Ismaïla Sarr,Senegal,CAM,CAM,Crystal Palace,Premier League,27,91.0,78.0,76.0,78.0,28.0,69.0,79,77.2,10.5,8,79.0,1
Pape Matar Sarr,Pape Matar Sarr,Senegal,CM,CM,Tottenham Hotspur,Premier League,22,68.0,66.0,76.0,78.0,77.0,76.0,79,77.2,9.5,8,79.0,1
Idrissa Gana Gueye,Idrissa Gana Gueye,Senegal,CDM,CDM,Everton,Premier League,35,60.0,59.0,70.0,73.0,80.0,70.0,79,73.6,9.75,30,79.0,1
Yehvann Diouf,Yehvann Diouf,Senegal,GK,GK,OGC Nice,Ligue 1,25,45.0,45.0,45.0,45.0,45.0,45.0,78,78.0,77.25,8,78.0,1
Pape Alassane Gueye,Pape Alassane Gueye,Senegal,CM,CM,Villarreal CF,La Liga,26,67.0,65.0,75.0,75.0,76.0,79.0,78,76.2,12.5,8,78.0,1
Lamine Camara,Lamine Camara,Senegal,CM,CM,AS Monaco,Ligue 1,21,79.0,66.0,78.0,77.0,71.0,69.0,77,77.6,11.5,8,77.0,1
Moussa Niakhaté,Moussa Niakhaté,Senegal,CB,CB,Olympique Lyonnais,Ligue 1,29,68.0,48.0,63.0,64.0,77.0,80.0,77,68.6,9.5,30,77.0,1
Pathé Ismaël Ciss,Pathé Ismaël Ciss,Senegal,CDM,CDM,Rayo Vallecano,La Liga,31,63.0,57.0,64.0,65.0,76.0,87.0,77,69.2,11.25,8,77.0,1
El Hadji Malick Diouf,El Hadji Malick Diouf,Senegal,LB,LB,West Ham United,Premier League,20,80.0,67.0,68.0,74.0,70.0,77.0,75,70.8,11.25,8,75.0,1
Ismail Joshua Jakobs,Ismail Joshua Jakobs,Senegal,LB,LB,Galatasaray SK,Süper Lig,25,90.0,60.0,65.0,74.0,70.0,68.0,75,69.0,10.25,8,75.0,1
Mame Baba Thiam,Mame Baba Thiam,Senegal,ST,ST,Eyüpspor,Süper Lig,32,74.0,74.0,66.0,73.0,27.0,72.0,75,69.6,12.25,8,75.0,1
Abdoulaye Niakhate Ndiaye,Abdoulaye Niakhate Ndiaye,Senegal,CB,CB,Parma,Serie A,23,67.0,31.0,51.0,51.0,75.0,75.0,75,60.599999999999994,10.25,8,75.0,1
Ousseynou Ba,Ousseynou Ba,Senegal,CB,CB,Medipol Başakşehir FK,Süper Lig,29,69.0,31.0,48.0,55.0,73.0,80.0,74,58.4,11.25,8,74.0,1
Arouna Sangante,Arouna Sangante,Senegal,CB,CB,Le Havre AC,Ligue 1,23,54.0,34.0,59.0,59.0,73.0,75.0,73,64.6,11.5,8,73.0,1
Adama Boiro Boiro,Adama Boiro Boiro,Senegal,LB,LB,Athletic Club,La Liga,23,75.0,58.0,65.0,69.0,70.0,73.0,73,68.2,10.0,8,73.0,1
Moussa N'Diaye,Moussa N'Diaye,Senegal,LB,LB,RSC Anderlecht,Pro League,23,76.0,27.0,61.0,73.0,68.0,69.0,72,65.4,7.25,8,72.0,1
Habibou Mouhamadou Diallo,Habibou Mouhamadou Diallo,Senegal,ST,ST,FC Metz,Ligue 1,30,71.0,71.0,59.0,68.0,22.0,75.0,72,64.2,13.5,8,72.0,1
Cheikh Tidiane Sabaly,Cheikh Tidiane Sabaly,Senegal,ST,ST,FC Metz,Ligue 1,26,86.0,72.0,66.0,76.0,25.0,52.0,72,68.4,13.75,8,72.0,1
Cheikh Ahmadou Bamba Mbacké Dieng,Cheikh Ahmadou Bamba Mbacké Dieng,Senegal,ST,ST,FC Lorient,Ligue 1,25,78.0,72.0,60.0,68.0,33.0,60.0,71,64.4,11.75,8,71.0,1
Seny Timothy Dieng,Seny Timothy Dieng,Senegal,GK,GK,Middlesbrough,Championship,30,45.0,45.0,45.0,45.0,45.0,45.0,70,70.0,69.25,8,70.0,1
Erling Braut Håland,Erling Braut Håland,Norway,ST,ST,Manchester City,Premier League,24,86.0,91.0,70.0,80.0,45.0,88.0,90,78.0,9.75,96,90.0,1
Martin Ødegaard,Martin Ødegaard,Norway,CM,CM,Arsenal,Premier League,26,68.0,79.0,88.0,87.0,67.0,65.0,87,87.6,11.75,74,87.0,1
Alexander Sørloth,Alexander Sørloth,Norway,ST,ST,Atlético Madrid,La Liga,29,77.0,82.0,71.0,76.0,36.0,85.0,84,76.2,12.5,52,84.0,1
Fredrik Aursnes,Fredrik Aursnes,Norway,CM,CM,SL Benfica,Primeira Liga,29,74.0,71.0,78.0,80.0,77.0,82.0,80,78.8,11.75,30,80.0,1
Julian Ryerson,Julian Ryerson,Norway,RB,RB,Borussia Dortmund,Bundesliga,27,74.0,63.0,71.0,76.0,77.0,82.0,79,74.2,8.5,30,79.0,1
Sander Gard Bolin Berge,Sander Gard Bolin Berge,Norway,CDM,CDM,Fulham FC,Premier League,27,55.0,65.0,74.0,71.0,75.0,84.0,79,76.0,10.25,8,79.0,1
Jørgen Strand Larsen,Jørgen Strand Larsen,Norway,ST,ST,Wolverhampton Wanderers,Premier League,25,75.0,79.0,62.0,70.0,32.0,83.0,78,68.4,9.5,8,78.0,1
Patrick Berg,Patrick Berg,Norway,CDM,CDM,FK Bodø/Glimt,Eliteserien,27,73.0,67.0,75.0,73.0,71.0,78.0,77,75.8,10.75,8,77.0,1
Mohamed Amine Elyounoussi,Mohamed Amine Elyounoussi,Norway,RM,RM,FC København,Superliga,30,76.0,72.0,71.0,78.0,59.0,73.0,76,73.0,9.75,8,76.0,1
Ørjan Håskjold Nyland,Ørjan Håskjold Nyland,Norway,GK,GK,Sevilla FC,La Liga,34,45.0,45.0,45.0,45.0,45.0,45.0,76,76.0,75.0,8,76.0,1
Antonio Eromonsele Nordby Nusa,Antonio Eromonsele Nordby Nusa,Norway,LM,LM,RB Leipzig,Bundesliga,20,89.0,72.0,68.0,81.0,41.0,63.0,76,71.2,11.25,8,76.0,1
Zlatko Hovland Tripić,Zlatko Hovland Tripić,Norway,RW,RW,Viking FK,Eliteserien,32,84.0,76.0,74.0,75.0,56.0,83.0,76,74.8,11.25,8,76.0,1
Aron Leonard Dønnum,Aron Leonard Dønnum,Norway,RM,RM,Toulouse FC,Ligue 1,27,82.0,67.0,69.0,77.0,52.0,75.0,75,71.4,9.25,8,75.0,1
Kristian Thorstvedt,Kristian Thorstvedt,Norway,CM,CM,Sassuolo,Serie A,26,61.0,71.0,74.0,73.0,67.0,82.0,75,74.4,9.75,8,75.0,1
Andreas Rædergård Schjelderup,Andreas Rædergård Schjelderup,Norway,LW,LW,SL Benfica,Primeira Liga,21,80.0,68.0,69.0,80.0,36.0,57.0,75,71.4,12.25,8,75.0,1
Andreas Schjølberg Hanche-Olsen,Andreas Schjølberg Hanche-Olsen,Norway,CB,CB,1. FSV Mainz 05,Bundesliga,28,70.0,38.0,57.0,63.0,75.0,79.0,75,64.19999999999999,10.25,8,75.0,1
Kristoffer Vassbakk Köpp Ajer,Kristoffer Vassbakk Köpp Ajer,Norway,RB,RB,Brentford,Premier League,27,67.0,56.0,65.0,68.0,74.0,81.0,75,69.0,8.75,8,75.0,1
Jonas Svensson,Jonas Svensson,Norway,RB,RB,Beşiktaş JK,Süper Lig,32,74.0,59.0,69.0,72.0,73.0,79.0,75,71.4,13.25,8,75.0,1
Fredrik André Bjørkan,Fredrik André Bjørkan,Norway,LB,LB,FK Bodø/Glimt,Eliteserien,26,81.0,53.0,65.0,72.0,68.0,75.0,74,68.6,10.75,8,74.0,1
Joshua Christian Kojo King,Joshua Christian Kojo King,Norway,ST,ST,Al Khaleej,Pro League,33,76.0,74.0,70.0,75.0,38.0,74.0,74,71.6,10.0,8,74.0,1
Leo Skiri Østigård,Leo Skiri Østigård,Norway,CB,CB,Genoa,Serie A,25,60.0,37.0,50.0,61.0,71.0,79.0,73,59.2,9.25,8,73.0,1
Torbjørn Lysaker Heggem,Torbjørn Lysaker Heggem,Norway,CB,CB,Bologna,Serie A,26,73.0,46.0,61.0,66.0,73.0,79.0,73,65.80000000000001,8.5,8,73.0,1
Jakob Glesnes,Jakob Glesnes,Norway,CB,CB,Philadelphia Union,Major League Soccer,31,52.0,55.0,56.0,61.0,73.0,83.0,73,62.800000000000004,8.75,8,73.0,1
David Møller Wolfe,David Møller Wolfe,Norway,LB,LB,Wolverhampton Wanderers,Premier League,23,78.0,53.0,65.0,69.0,67.0,77.0,73,68.2,9.5,8,73.0,1
Mathias Lønne Dyngeland,Mathias Lønne Dyngeland,Norway,GK,GK,SK Brann,Eliteserien,29,45.0,45.0,45.0,45.0,45.0,45.0,70,70.0,69.0,8,70.0,1
Egil Selvik,Egil Selvik,Norway,GK,GK,Watford,Championship,27,45.0,45.0,45.0,45.0,45.0,45.0,70,70.0,69.5,8,70.0,1
Merchas Doski,Merchas Doski,Iraq,LB,LB,Viktoria Plzeň,První liga,25,75.0,54.0,65.0,71.0,62.0,62.0,68,66.2,11.0,8,68.0,1
Mohanad Abdulkadhim Qasim Al Jebur Jeahze,Mohanad Abdulkadhim Qasim Al Jebur Jeahze,Iraq,LB,LB,Sarpsborg 08 FF,Eliteserien,28,80.0,53.0,65.0,68.0,60.0,69.0,68,66.2,7.75,8,68.0,1
Ibrahim Bayesh Kamil Al Kaabawi,Ibrahim Bayesh Kamil Al Kaabawi,Iraq,LM,LM,Al Riyadh,Pro League,25,79.0,67.0,60.0,69.0,58.0,75.0,68,63.2,12.25,8,68.0,1
Zidane Iqbal,Zidane Iqbal,Iraq,CDM,CDM,FC Utrecht,Eredivisie,22,64.0,60.0,64.0,73.0,63.0,62.0,68,65.6,7.25,8,68.0,1
Aimar Hazar Sher,Aimar Hazar Sher,Iraq,CDM,CDM,Sarpsborg 08 FF,Eliteserien,22,62.0,47.0,61.0,69.0,61.0,66.0,67,63.400000000000006,9.75,8,67.0,1
Kevin Enkido Yakob,Kevin Enkido Yakob,Iraq,CM,CM,Aarhus Gymnastikforening,Superliga,24,66.0,61.0,66.0,68.0,59.0,64.0,66,66.0,8.75,8,66.0,1
Montader Madjed,Montader Madjed,Iraq,RM,RM,Hammarby Fotboll,Allsvenskan,20,75.0,65.0,63.0,70.0,25.0,50.0,66,64.2,9.75,8,66.0,1
Marko Lawk Farji,Marko Lawk Farji,Iraq,LW,LW,Strømsgodset IF,Eliteserien,21,81.0,60.0,60.0,66.0,32.0,65.0,66,62.400000000000006,12.75,8,66.0,1
Ali Ibrahim Karim Ali Al Hamadi,Ali Ibrahim Karim Ali Al Hamadi,Iraq,ST,ST,Luton Town,League One,23,79.0,63.0,47.0,64.0,18.0,73.0,66,54.6,8.25,8,66.0,1
Amir Al Ammari,Amir Al Ammari,Iraq,CM,CM,Cracovia,Ekstraklasa,27,68.0,57.0,66.0,63.0,60.0,70.0,65,65.6,10.25,8,65.0,1
Danilo Andrés Al Saed Alvarado,Danilo Andrés Al Saed Alvarado,Iraq,LM,LM,BK Häcken,Allsvenskan,26,82.0,61.0,55.0,68.0,26.0,54.0,65,59.0,9.5,8,65.0,1
Ali-Jasim El-Aibi Al Tameemi,Ali-Jasim El-Aibi Al Tameemi,Iraq,LM,LM,Al-Najma SC,Pro League,21,67.0,62.0,57.0,63.0,22.0,59.0,62,59.0,10.25,8,62.0,1
Mohamed Hussein Reda Al Khafaji Al Taay,Mohamed Hussein Reda Al Khafaji Al Taay,Iraq,CDM,CDM,Western Sydney Wanderers,A-League Men,25,73.0,51.0,54.0,61.0,57.0,66.0,61,56.8,10.75,8,61.0,1
Amin Al Hamawi,Amin Al Hamawi,Iraq,ST,ST,Randers FC,Superliga,21,69.0,59.0,46.0,60.0,22.0,58.0,60,51.599999999999994,11.75,8,60.0,1
Lautaro Javier Martínez,Lautaro Javier Martínez,Argentina,ST,ST,Inter,Serie A,27,81.0,88.0,75.0,84.0,51.0,83.0,88,80.2,10.0,96,88.0,1
Alexis Mac Allister,Alexis Mac Allister,Argentina,CM,CM,Liverpool,Premier League,26,66.0,82.0,85.0,85.0,78.0,76.0,87,85.80000000000001,10.5,74,87.0,1
Julián Álvarez,Julián Álvarez,Argentina,ST,ST,Atlético Madrid,La Liga,25,85.0,87.0,81.0,87.0,57.0,79.0,87,83.4,9.25,74,87.0,1
Paulo Bruno Exequiel Dybala,Paulo Bruno Exequiel Dybala,Argentina,CAM,CAM,Roma,Serie A,31,80.0,85.0,84.0,87.0,41.0,64.0,86,84.8,5.5,74,86.0,1
Lionel Andrés Messi Cuccitini,Lionel Andrés Messi Cuccitini,Argentina,RW,RW,Inter Miami,Major League Soccer,38,78.0,85.0,85.0,90.0,33.0,64.0,86,85.4,9.75,74,86.0,1
Damián Emiliano Martínez Romero,Damián Emiliano Martínez Romero,Argentina,GK,GK,Aston Villa,Premier League,32,45.0,45.0,45.0,45.0,45.0,45.0,85,85.0,83.75,52,85.0,1
Enzo Jeremías Fernández,Enzo Jeremías Fernández,Argentina,CM,CM,Chelsea,Premier League,24,68.0,75.0,85.0,81.0,73.0,75.0,84,84.6,8.0,52,84.0,1
Rodrigo Javier de Paul,Rodrigo Javier de Paul,Argentina,CM,CM,Inter Miami,Major League Soccer,31,75.0,78.0,83.0,83.0,76.0,83.0,84,83.4,11.5,52,84.0,1
Exequiel Alejandro Palacios,Exequiel Alejandro Palacios,Argentina,CM,CM,Bayer 04 Leverkusen,Bundesliga,26,62.0,76.0,80.0,82.0,81.0,71.0,84,81.6,7.5,52,84.0,1
Gerónimo Rulli,Gerónimo Rulli,Argentina,GK,GK,Olympique de Marseille,Ligue 1,33,45.0,45.0,45.0,45.0,45.0,45.0,82,82.0,80.75,52,82.0,1
Giovani Lo Celso,Giovani Lo Celso,Argentina,CAM,CAM,Real Betis Balompié,La Liga,29,68.0,81.0,82.0,84.0,68.0,71.0,82,82.0,11.5,52,82.0,1
Ángel Fabián Di María Hernández,Ángel Fabián Di María Hernández,Argentina,RW,RW,Rosario Central,Liga Profesional de Fútbol,37,73.0,80.0,85.0,85.0,43.0,62.0,82,83.80000000000001,10.0,52,82.0,1
Cristian Gabriel Romero,Cristian Gabriel Romero,Argentina,CB,CB,Tottenham Hotspur,Premier League,27,66.0,48.0,62.0,65.0,83.0,81.0,82,70.0,9.0,52,82.0,1
Nicolás Hernán Gonzalo Otamendi,Nicolás Hernán Gonzalo Otamendi,Argentina,CB,CB,SL Benfica,Primeira Liga,37,60.0,57.0,64.0,62.0,83.0,85.0,82,71.2,10.0,52,82.0,1
Leonardo Julián Balerdi Rossa,Leonardo Julián Balerdi Rossa,Argentina,CB,CB,Olympique de Marseille,Ligue 1,26,77.0,46.0,65.0,69.0,82.0,79.0,81,71.4,10.75,52,81.0,1
Lisandro Martínez,Lisandro Martínez,Argentina,CB,CB,Manchester United,Premier League,27,67.0,59.0,75.0,75.0,81.0,80.0,81,77.4,10.5,52,81.0,1
Mauro Emanuel Icardi Rivero,Mauro Emanuel Icardi Rivero,Argentina,ST,ST,Galatasaray SK,Süper Lig,32,67.0,82.0,71.0,76.0,40.0,73.0,81,75.0,9.5,52,81.0,1
Giuliano Simeone Baldini,Giuliano Simeone Baldini,Argentina,RM,RM,Atlético Madrid,La Liga,22,91.0,73.0,72.0,81.0,45.0,81.0,81,75.6,12.0,8,81.0,1
Valentín Mariano José Castellanos Giménez,Valentín Mariano José Castellanos Giménez,Argentina,ST,ST,Lazio,Serie A,26,75.0,80.0,71.0,81.0,45.0,75.0,80,74.6,10.25,52,80.0,1
Nahuel Molina Lucero,Nahuel Molina Lucero,Argentina,RB,RB,Atlético Madrid,La Liga,27,82.0,67.0,73.0,76.0,75.0,71.0,79,75.4,10.0,52,79.0,1
Juan Marcos Foyth,Juan Marcos Foyth,Argentina,CB,CB,Villarreal CF,La Liga,27,68.0,47.0,71.0,71.0,80.0,76.0,79,74.2,11.5,8,79.0,1
Walter Daniel Benítez,Walter Daniel Benítez,Argentina,GK,GK,Crystal Palace,Premier League,32,45.0,45.0,45.0,45.0,45.0,45.0,79,79.0,78.75,30,79.0,1
Facundo Axel Medina,Facundo Axel Medina,Argentina,CB,CB,Olympique de Marseille,Ligue 1,26,74.0,44.0,70.0,72.0,79.0,81.0,79,73.6,11.0,30,79.0,1
Thiago Ezequiel Almada,Thiago Ezequiel Almada,Argentina,CAM,CAM,Atlético Madrid,La Liga,24,79.0,74.0,79.0,83.0,51.0,58.0,79,79.0,9.5,52,79.0,1
Marcos Nicolás Senesi Barón,Marcos Nicolás Senesi Barón,Argentina,CB,CB,AFC Bournemouth,Premier League,28,56.0,42.0,70.0,72.0,79.0,75.0,78,73.2,9.5,30,78.0,1
Marcos Javier Acuña,Marcos Javier Acuña,Argentina,LB,LB,River Plate,Liga Profesional de Fútbol,33,76.0,69.0,77.0,81.0,71.0,80.0,78,77.4,12.25,52,78.0,1
Riyad Mahrez,Riyad Mahrez,Algeria,RM,RM,Al Ahli SFC,Pro League,34,78.0,80.0,81.0,88.0,39.0,63.0,84,82.2,10.25,52,84.0,1
Rayan Aït Nouri,Rayan Aït Nouri,Algeria,LB,LB,Manchester City,Premier League,24,84.0,53.0,76.0,84.0,77.0,70.0,81,78.0,13.0,8,81.0,1
Mohamed El Amine Amoura,Mohamed El Amine Amoura,Algeria,ST,ST,VfL Wolfsburg,Bundesliga,25,90.0,81.0,71.0,86.0,47.0,61.0,80,74.6,8.5,8,80.0,1
Ismaël Bennacer,Ismaël Bennacer,Algeria,CDM,CDM,Dinamo Zagreb,Hrvatska nogometna liga,27,76.0,72.0,80.0,83.0,76.0,74.0,80,80.0,13.0,52,80.0,1
Ramy Bensebaini,Ramy Bensebaini,Algeria,LB,LB,Borussia Dortmund,Bundesliga,30,73.0,70.0,70.0,77.0,78.0,79.0,79,73.6,10.0,30,79.0,1
Amine Ferid Gouiri,Amine Ferid Gouiri,Algeria,ST,ST,Olympique de Marseille,Ligue 1,25,77.0,82.0,76.0,80.0,45.0,71.0,79,77.2,8.5,30,79.0,1
Adem Zorgane,Adem Zorgane,Algeria,CDM,CDM,Union Saint-Gilloise,Pro League,25,54.0,70.0,77.0,75.0,71.0,83.0,78,77.4,11.5,8,78.0,1
Mohamed Saïd Benrahma,Mohamed Saïd Benrahma,Algeria,LW,LW,NEOM SC,Pro League,29,75.0,75.0,74.0,80.0,42.0,61.0,77,75.2,11.25,30,77.0,1
Nabil Bentaleb,Nabil Bentaleb,Algeria,CDM,CDM,Lille OSC,Ligue 1,30,50.0,72.0,77.0,79.0,71.0,73.0,77,77.0,10.75,30,77.0,1
Houssem Aouar,Houssem Aouar,Algeria,CAM,CAM,Al Ittihad,Pro League,27,66.0,72.0,75.0,82.0,65.0,65.0,77,75.8,9.25,30,77.0,1
Hicham Boudaoui,Hicham Boudaoui,Algeria,CM,CM,OGC Nice,Ligue 1,25,73.0,67.0,74.0,77.0,74.0,76.0,77,75.2,8.5,8,77.0,1
Ilan Kais Kebbal,Ilan Kais Kebbal,Algeria,RM,RM,Paris FC,Ligue 1,26,76.0,70.0,72.0,80.0,24.0,52.0,76,73.6,10.5,8,76.0,1
Anis Hadj Moussa,Anis Hadj Moussa,Algeria,RW,RW,Feyenoord,Eredivisie,23,80.0,69.0,67.0,84.0,30.0,52.0,76,70.6,7.5,8,76.0,1
Himad Abdelli,Himad Abdelli,Algeria,CAM,CAM,Angers SCO,Ligue 1,25,61.0,69.0,76.0,79.0,60.0,74.0,76,76.0,10.5,8,76.0,1
Amir Sayoud,Amir Sayoud,Algeria,RM,RM,Al Hazem FC,Pro League,34,77.0,72.0,71.0,81.0,32.0,65.0,75,72.6,10.25,8,75.0,1
Badredine Bouanani,Badredine Bouanani,Algeria,RW,RW,VfB Stuttgart,Bundesliga,20,70.0,68.0,75.0,78.0,33.0,58.0,75,75.0,11.5,8,75.0,1
Aïssa Mandi,Aïssa Mandi,Algeria,CB,CB,Lille OSC,Ligue 1,33,57.0,46.0,71.0,67.0,75.0,73.0,75,72.6,13.75,8,75.0,1
Haris Belkebla,Haris Belkebla,Algeria,CDM,CDM,Angers SCO,Ligue 1,31,46.0,49.0,71.0,70.0,68.0,74.0,74,72.2,12.75,8,74.0,1
Rachid Ghezzal,Rachid Ghezzal,Algeria,RM,RM,Olympique Lyonnais,Ligue 1,33,68.0,71.0,75.0,77.0,32.0,58.0,74,74.6,10.0,30,74.0,1
Rafik Guitane,Rafik Guitane,Algeria,RW,RW,GD Estoril Praia,Primeira Liga,26,80.0,65.0,68.0,78.0,31.0,53.0,73,70.0,11.0,8,73.0,1
Abdelkader Bedrane,Abdelkader Bedrane,Algeria,CB,CB,Damac FC,Pro League,33,60.0,30.0,56.0,53.0,72.0,77.0,72,62.400000000000006,12.25,8,72.0,1
Mehdi Emile Dorval,Mehdi Emile Dorval,Algeria,LB,LB,SSC Bari,Serie B,24,80.0,52.0,59.0,69.0,65.0,67.0,71,63.8,11.5,8,71.0,1
Ahmed Touba,Ahmed Touba,Algeria,CB,CB,Panathinaikos FC,Super League,27,70.0,53.0,62.0,62.0,68.0,82.0,70,65.19999999999999,8.75,8,70.0,1
Jaouen Hadjam,Jaouen Hadjam,Algeria,LB,LB,BSC Young Boys,Super League,22,79.0,54.0,59.0,69.0,65.0,72.0,69,63.0,9.5,8,69.0,1
Sohaib Naïr,Sohaib Naïr,Algeria,CB,CB,En Avant Guingamp,Ligue 2,23,65.0,28.0,49.0,54.0,68.0,71.0,68,56.6,8.0,8,68.0,1
Yasser Larouci,Yasser Larouci,Algeria,LB,LB,ESTAC Troyes,Ligue 2,24,70.0,48.0,60.0,69.0,65.0,64.0,68,63.2,8.5,8,68.0,1
David Olatukunbo Alaba,David Olatukunbo Alaba,Austria,CB,CB,Real Madrid,La Liga,33,68.0,71.0,82.0,79.0,82.0,75.0,82,82.0,9.0,52,82.0,1
Konrad Laimer,Konrad Laimer,Austria,RB,RB,FC Bayern München,Bundesliga,28,82.0,69.0,76.0,75.0,81.0,76.0,82,78.4,11.5,52,82.0,1
Marcel Sabitzer,Marcel Sabitzer,Austria,CDM,CDM,Borussia Dortmund,Bundesliga,31,74.0,80.0,80.0,80.0,76.0,76.0,80,80.0,13.0,52,80.0,1
Xaver Schlager,Xaver Schlager,Austria,CDM,CDM,RB Leipzig,Bundesliga,27,69.0,70.0,74.0,78.0,75.0,78.0,80,76.4,8.25,52,80.0,1
Stefan Posch,Stefan Posch,Austria,RB,RB,Como,Serie A,28,75.0,55.0,68.0,66.0,80.0,74.0,79,72.4,7.0,30,79.0,1
Kevin Danso,Kevin Danso,Austria,CB,CB,Tottenham Hotspur,Premier League,26,73.0,32.0,57.0,62.0,78.0,83.0,79,65.8,12.75,30,79.0,1
Philipp Lienhart,Philipp Lienhart,Austria,CB,CB,SC Freiburg,Bundesliga,28,67.0,28.0,59.0,64.0,81.0,78.0,79,67.0,12.0,30,79.0,1
Romano Christian Schmid,Romano Christian Schmid,Austria,CAM,CAM,SV Werder Bremen,Bundesliga,25,77.0,67.0,78.0,83.0,56.0,58.0,78,78.0,7.75,8,78.0,1
Christoph Baumgartner,Christoph Baumgartner,Austria,CAM,CAM,RB Leipzig,Bundesliga,25,74.0,72.0,72.0,79.0,47.0,63.0,77,74.0,11.5,30,77.0,1
Marco Friedl,Marco Friedl,Austria,CB,CB,SV Werder Bremen,Bundesliga,27,75.0,44.0,64.0,69.0,79.0,77.0,77,69.2,9.75,8,77.0,1
Nicolas Seiwald,Nicolas Seiwald,Austria,CDM,CDM,RB Leipzig,Bundesliga,24,72.0,62.0,74.0,74.0,74.0,76.0,77,75.2,8.5,8,77.0,1
Patrick Wimmer,Patrick Wimmer,Austria,CAM,CAM,VfL Wolfsburg,Bundesliga,24,84.0,69.0,72.0,81.0,49.0,73.0,77,74.0,13.0,30,77.0,1
Kevin Stöger,Kevin Stöger,Austria,CAM,CAM,Borussia Mönchengladbach,Bundesliga,31,55.0,71.0,81.0,77.0,64.0,61.0,76,79.0,12.25,30,76.0,1
Phillipp Mwene,Phillipp Mwene,Austria,LB,LB,1. FSV Mainz 05,Bundesliga,31,78.0,55.0,69.0,75.0,70.0,70.0,76,71.8,9.25,8,76.0,1
Valentino Lando Lazaro,Valentino Lando Lazaro,Austria,RM,RM,Torino,Serie A,29,71.0,67.0,76.0,76.0,71.0,65.0,76,76.0,9.25,8,76.0,1
David Leopold Affengruber,David Leopold Affengruber,Austria,CB,CB,Elche CF,La Liga,24,73.0,41.0,56.0,69.0,75.0,83.0,75,63.6,11.5,8,75.0,1
Michael Gregoritsch,Michael Gregoritsch,Austria,ST,ST,Brøndby IF,Superliga,31,37.0,77.0,68.0,68.0,42.0,76.0,75,70.8,9.5,30,75.0,1
Leopold Querfeld,Leopold Querfeld,Austria,CB,CB,1. FC Union Berlin,Bundesliga,21,46.0,44.0,58.0,53.0,76.0,78.0,75,64.8,10.0,8,75.0,1
Saša Kalajdžić,Saša Kalajdžić,Austria,ST,ST,LASK Linz,Bundesliga,27,50.0,72.0,67.0,68.0,45.0,64.0,74,69.8,10.5,8,74.0,1
Alexander Schlager,Alexander Schlager,Austria,GK,GK,FC Red Bull Salzburg,Bundesliga,29,45.0,45.0,45.0,45.0,45.0,45.0,73,73.0,73.0,8,73.0,1
Patrick Pentz,Patrick Pentz,Austria,GK,GK,Brøndby IF,Superliga,28,45.0,45.0,45.0,45.0,45.0,45.0,72,72.0,71.25,8,72.0,1
Tobias Okiki Lawal,Tobias Okiki Lawal,Austria,GK,GK,KRC Genk,Pro League,25,45.0,45.0,45.0,45.0,45.0,45.0,72,72.0,72.25,8,72.0,1
Maximilian Entrup,Maximilian Entrup,Austria,ST,ST,LASK Linz,Bundesliga,27,73.0,73.0,56.0,67.0,28.0,73.0,72,62.400000000000006,10.5,8,72.0,1
Karim Onisiwo,Karim Onisiwo,Austria,ST,ST,FC Red Bull Salzburg,Bundesliga,33,72.0,70.0,63.0,71.0,50.0,83.0,72,66.6,12.0,8,72.0,1
Chukwubuike Junior Adamu,Chukwubuike Junior Adamu,Austria,ST,ST,SC Freiburg,Bundesliga,24,77.0,70.0,54.0,70.0,25.0,68.0,71,60.8,9.0,8,71.0,1
Raul Florucz,Raul Florucz,Austria,RW,RW,Union Saint-Gilloise,Pro League,24,72.0,70.0,67.0,73.0,31.0,63.0,70,68.19999999999999,10.25,8,70.0,1
Yazan Al Arab,Yazan Al Arab,Jordan,CB,CB,FC Seoul,K League 1,29,79.0,29.0,46.0,52.0,73.0,83.0,75,57.599999999999994,10.5,8,75.0,1
Mousa Mohammad Mousa Sulaiman Al Tamari,Mousa Mohammad Mousa Sulaiman Al Tamari,Jordan,RM,RM,Stade Rennais FC,Ligue 1,28,89.0,69.0,67.0,80.0,38.0,63.0,75,70.19999999999999,7.75,8,75.0,1
Ibrahim Sabra,Ibrahim Sabra,Jordan,ST,ST,Göztepe SK,Süper Lig,19,91.0,60.0,41.0,56.0,22.0,56.0,61,49.0,14.0,8,61.0,1
Vítor Machado Ferreira,Vítor Machado Ferreira,Portugal,CM,CM,Paris Saint-Germain,Ligue 1,25,72.0,80.0,86.0,90.0,75.0,70.0,89,87.2,8.75,74,89.0,1
Bruno Miguel Borges Fernandes,Bruno Miguel Borges Fernandes,Portugal,CAM,CAM,Manchester United,Premier League,30,67.0,83.0,89.0,83.0,65.0,75.0,87,88.2,12.0,74,87.0,1
Rúben dos Santos Gato Alves Dias,Rúben dos Santos Gato Alves Dias,Portugal,CB,CB,Manchester City,Premier League,28,59.0,39.0,69.0,69.0,86.0,84.0,86,75.8,8.5,74,86.0,1
Nuno Alexandre Tavares Mendes,Nuno Alexandre Tavares Mendes,Portugal,LB,LB,Paris Saint-Germain,Ligue 1,23,95.0,65.0,76.0,82.0,80.0,77.0,86,80.0,10.5,52,86.0,1
Cristiano Ronaldo dos Santos Aveiro,Cristiano Ronaldo dos Santos Aveiro,Portugal,ST,ST,Al Nassr,Pro League,40,76.0,88.0,76.0,80.0,34.0,76.0,85,79.6,10.75,52,85.0,1
João Pedro Gonçalves Neves,João Pedro Gonçalves Neves,Portugal,CM,CM,Paris Saint-Germain,Ligue 1,20,74.0,71.0,80.0,84.0,82.0,83.0,85,82.0,10.25,52,85.0,1
João Pedro Cavaco Cancelo,João Pedro Cavaco Cancelo,Portugal,RB,RB,Al Hilal,Pro League,31,83.0,73.0,84.0,84.0,78.0,74.0,84,84.0,10.75,52,84.0,1
Diogo Meireles da Costa,Diogo Meireles da Costa,Portugal,GK,GK,FC Porto,Primeira Liga,25,45.0,45.0,45.0,45.0,45.0,45.0,84,84.0,82.5,52,84.0,1
Bernardo Mota Veiga de Carvalho e Silva,Bernardo Mota Veiga de Carvalho e Silva,Portugal,CM,CM,Manchester City,Premier League,30,61.0,78.0,83.0,89.0,71.0,65.0,84,83.4,10.0,52,84.0,1
Rúben Diogo da Silva Neves,Rúben Diogo da Silva Neves,Portugal,CDM,CDM,Al Hilal,Pro League,28,57.0,75.0,87.0,77.0,77.0,76.0,84,85.8,11.5,52,84.0,1
Rafael Alexandre da Conceição Leão,Rafael Alexandre da Conceição Leão,Portugal,LW,LW,AC Milan,Serie A,26,93.0,78.0,80.0,86.0,28.0,75.0,84,81.6,10.5,52,84.0,1
João Maria Lobo Alves Palhinha Gonçalves,João Maria Lobo Alves Palhinha Gonçalves,Portugal,CDM,CDM,Tottenham Hotspur,Premier League,29,56.0,68.0,70.0,72.0,84.0,85.0,83,75.2,9.5,52,83.0,1
Pedro António Pereira Gonçalves,Pedro António Pereira Gonçalves,Portugal,CAM,CAM,Sporting CP,Primeira Liga,27,77.0,82.0,83.0,84.0,63.0,68.0,83,83.0,10.25,52,83.0,1
Otávio Edmilson da Silva Monteiro,Otávio Edmilson da Silva Monteiro,Portugal,CAM,CAM,Al Qadsiah FC,Pro League,30,78.0,71.0,82.0,85.0,70.0,75.0,82,82.0,12.0,52,82.0,1
Danilo Luís Hélio Pereira,Danilo Luís Hélio Pereira,Portugal,CB,CB,Al Ittihad,Pro League,33,47.0,64.0,68.0,71.0,82.0,84.0,81,73.19999999999999,11.25,52,81.0,1
Rui Tiago Dantas da Silva,Rui Tiago Dantas da Silva,Portugal,GK,GK,Sporting CP,Primeira Liga,31,45.0,45.0,45.0,45.0,45.0,45.0,81,81.0,81.25,52,81.0,1
Gonçalo Bernardo Inácio,Gonçalo Bernardo Inácio,Portugal,CB,CB,Sporting CP,Primeira Liga,23,77.0,37.0,71.0,73.0,82.0,81.0,81,75.0,7.25,52,81.0,1
Raphaël Adelino José Guerreiro,Raphaël Adelino José Guerreiro,Portugal,LB,LB,FC Bayern München,Bundesliga,31,69.0,78.0,85.0,88.0,74.0,54.0,80,83.0,9.25,52,80.0,1
Gonçalo Matias Ramos,Gonçalo Matias Ramos,Portugal,ST,ST,Paris Saint-Germain,Ligue 1,24,73.0,79.0,64.0,77.0,48.0,79.0,80,70.4,11.5,8,80.0,1
José Diogo Dalot Teixeira,José Diogo Dalot Teixeira,Portugal,RB,RB,Manchester United,Premier League,26,85.0,63.0,74.0,77.0,76.0,78.0,79,76.0,7.5,52,79.0,1
Fábio Daniel Soares Silva,Fábio Daniel Soares Silva,Portugal,ST,ST,Borussia Dortmund,Bundesliga,22,81.0,77.0,64.0,79.0,32.0,79.0,79,70.0,9.75,8,79.0,1
Matheus Luiz Nunes,Matheus Luiz Nunes,Portugal,RB,RB,Manchester City,Premier League,26,85.0,70.0,76.0,79.0,73.0,76.0,79,77.2,12.0,8,79.0,1
Armindo Tué Na Bangna,Armindo Tué Na Bangna,Portugal,LW,LW,SL Benfica,Primeira Liga,30,88.0,77.0,71.0,81.0,32.0,61.0,78,73.80000000000001,11.0,8,78.0,1
Diogo Filipe Monteiro Pinto Leite,Diogo Filipe Monteiro Pinto Leite,Portugal,CB,CB,1. FC Union Berlin,Bundesliga,26,64.0,38.0,52.0,63.0,80.0,78.0,78,62.400000000000006,7.5,8,78.0,1
José Pedro Malheiro de Sá,José Pedro Malheiro de Sá,Portugal,GK,GK,Wolverhampton Wanderers,Premier League,32,45.0,45.0,45.0,45.0,45.0,45.0,77,77.0,76.25,30,77.0,1
Daniel Castelo Podence,Daniel Castelo Podence,Portugal,RW,RW,Olympiacos FC,Super League,29,82.0,66.0,71.0,83.0,33.0,51.0,77,73.4,12.5,8,77.0,1
Yoane Wissa,Yoane Wissa,DR Congo,ST,ST,Newcastle United,Premier League,28,85.0,82.0,70.0,80.0,31.0,71.0,82,74.80000000000001,11.0,52,82.0,1
Simon Bokoté Banza,Simon Bokoté Banza,DR Congo,ST,ST,Sporting Clube de Braga,Primeira Liga,28,79.0,81.0,62.0,77.0,36.0,79.0,81,69.6,6.5,52,81.0,1
Aaron Wan-Bissaka,Aaron Wan-Bissaka,DR Congo,RB,RB,West Ham United,Premier League,27,80.0,51.0,69.0,77.0,78.0,73.0,80,73.4,8.25,52,80.0,1
Cédric Bakambu,Cédric Bakambu,DR Congo,ST,ST,Real Betis Balompié,La Liga,34,78.0,78.0,68.0,72.0,40.0,68.0,77,71.6,9.75,30,77.0,1
Fuka-Arthur Masuaku Kawela,Fuka-Arthur Masuaku Kawela,DR Congo,LB,LB,Sunderland,Premier League,31,79.0,62.0,74.0,78.0,68.0,79.0,75,74.4,7.25,8,75.0,1
Chancel Mbemba Mangulu,Chancel Mbemba Mangulu,DR Congo,CB,CB,Lille OSC,Ligue 1,30,67.0,56.0,65.0,67.0,75.0,73.0,75,69.0,9.25,30,75.0,1
Ngal'ayel Mukau,Ngal'ayel Mukau,DR Congo,CDM,CDM,Lille OSC,Ligue 1,20,69.0,57.0,65.0,71.0,70.0,75.0,74,68.6,10.5,8,74.0,1
Joris Kayembe Ditu,Joris Kayembe Ditu,DR Congo,LB,LB,KRC Genk,Pro League,30,79.0,60.0,71.0,74.0,66.0,74.0,74,72.2,11.75,8,74.0,1
Silas Katompa-Mvumpa,Silas Katompa-Mvumpa,DR Congo,RM,RM,VfB Stuttgart,Bundesliga,26,90.0,69.0,61.0,79.0,52.0,71.0,74,66.2,10.25,8,74.0,1
Samuel Emmanuel Essende Mbongu,Samuel Emmanuel Essende Mbongu,DR Congo,ST,ST,FC Augsburg,Bundesliga,27,73.0,72.0,50.0,67.0,26.0,81.0,74,59.6,8.75,8,74.0,1
Noah Junior Sadiki,Noah Junior Sadiki,DR Congo,CM,CM,Sunderland,Premier League,20,77.0,65.0,68.0,76.0,68.0,76.0,74,70.4,12.0,8,74.0,1
Axel Tuanzebe,Axel Tuanzebe,DR Congo,RB,RB,Burnley,Premier League,27,76.0,36.0,64.0,68.0,73.0,75.0,73,67.6,9.5,8,73.0,1
Afimico Pululu,Afimico Pululu,DR Congo,ST,ST,Jagiellonia Białystok,Ekstraklasa,26,85.0,70.0,58.0,73.0,27.0,75.0,72,63.599999999999994,10.0,8,72.0,1
Charles Monginda Pickel,Charles Monginda Pickel,DR Congo,CM,CM,RCD Espanyol,La Liga,28,63.0,63.0,68.0,69.0,67.0,80.0,71,69.2,9.5,8,71.0,1
Buduka Dylan Batubinsika,Buduka Dylan Batubinsika,DR Congo,CB,CB,AS Saint-Étienne,Ligue 2,29,69.0,28.0,52.0,55.0,69.0,79.0,71,59.6,13.0,8,71.0,1
Edo Kayembe Kayembe,Edo Kayembe Kayembe,DR Congo,CM,CM,Watford,Championship,27,72.0,66.0,69.0,70.0,67.0,78.0,71,69.8,8.5,8,71.0,1
Beni Tangama Baningime,Beni Tangama Baningime,DR Congo,CDM,CDM,Hearts,Premiership,26,46.0,52.0,63.0,70.0,69.0,73.0,71,66.2,12.25,8,71.0,1
Steve Kapuadi,Steve Kapuadi,DR Congo,CB,CB,Legia Warszawa,Ekstraklasa,27,65.0,33.0,45.0,50.0,70.0,83.0,71,55.400000000000006,11.5,8,71.0,1
Nathanaël Mbuku,Nathanaël Mbuku,DR Congo,RM,RM,Montpellier HSC,Ligue 2,23,73.0,63.0,68.0,74.0,35.0,53.0,70,68.8,9.5,8,70.0,1
Jackson Muleka Kyanvubu,Jackson Muleka Kyanvubu,DR Congo,ST,ST,Konyaspor,Süper Lig,25,81.0,69.0,59.0,71.0,36.0,75.0,70,63.4,11.75,8,70.0,1
Marcel Jany Emile Tisserand,Marcel Jany Emile Tisserand,DR Congo,CB,CB,Sydney FC,A-League Men,32,72.0,58.0,66.0,66.0,68.0,80.0,70,67.6,13.75,8,70.0,1
Grady George Diangana,Grady George Diangana,DR Congo,CAM,CAM,Elche CF,La Liga,27,82.0,63.0,66.0,72.0,27.0,58.0,70,67.6,8.5,8,70.0,1
Meschack Elia Lina,Meschack Elia Lina,DR Congo,ST,ST,Alanyaspor,Süper Lig,27,82.0,68.0,67.0,75.0,26.0,70.0,70,68.19999999999999,10.0,8,70.0,1
Oscar Taty Maritu,Oscar Taty Maritu,DR Congo,ST,ST,Yunnan Yukun,Super League,25,88.0,70.0,55.0,69.0,26.0,66.0,70,61.0,9.5,8,70.0,1
Jeremy Ngakia,Jeremy Ngakia,DR Congo,RB,RB,Watford,Championship,24,71.0,38.0,57.0,67.0,68.0,63.0,69,61.8,13.5,8,69.0,1
Lionel M'Pasi N'Zau,Lionel M'Pasi N'Zau,DR Congo,GK,GK,Le Havre AC,Ligue 1,30,45.0,45.0,45.0,45.0,45.0,45.0,67,67.0,66.0,8,67.0,1
Abdukodir Khusanov,Abdukodir Khusanov,Uzbekistan,CB,CB,Manchester City,Premier League,21,85.0,39.0,59.0,64.0,77.0,76.0,77,66.2,8.0,8,77.0,1
Eldor Shomurodov,Eldor Shomurodov,Uzbekistan,ST,ST,Medipol Başakşehir FK,Süper Lig,30,79.0,71.0,64.0,75.0,40.0,66.0,74,68.0,7.75,8,74.0,1
Khusniddin Alikulov,Khusniddin Alikulov,Uzbekistan,CB,CB,Çaykur Rizespor,Süper Lig,26,63.0,33.0,48.0,49.0,69.0,69.0,68,56.0,11.5,8,68.0,1
Abbosbek Fayzullaev,Abbosbek Fayzullaev,Uzbekistan,CAM,CAM,Medipol Başakşehir FK,Süper Lig,21,65.0,62.0,67.0,66.0,48.0,53.0,65,66.19999999999999,10.0,8,65.0,1
Mukhammadali Urinboev,Mukhammadali Urinboev,Uzbekistan,RW,RW,Royal Antwerp FC,Pro League,20,60.0,68.0,62.0,66.0,31.0,52.0,63,62.4,13.5,8,63.0,1
Luis Fernando Díaz Marulanda,Luis Fernando Díaz Marulanda,Colombia,LM,LM,FC Bayern München,Bundesliga,28,88.0,81.0,76.0,87.0,45.0,75.0,85,79.6,12.75,52,85.0,1
Davinson Sánchez Mina,Davinson Sánchez Mina,Colombia,CB,CB,Galatasaray SK,Süper Lig,29,82.0,58.0,63.0,73.0,82.0,88.0,82,70.6,9.25,52,82.0,1
Duván Esteban Zapata Banguero,Duván Esteban Zapata Banguero,Colombia,ST,ST,Torino,Serie A,34,74.0,81.0,64.0,77.0,35.0,82.0,82,71.2,8.0,52,82.0,1
Daniel Muñoz Mejía,Daniel Muñoz Mejía,Colombia,RB,RB,Crystal Palace,Premier League,29,75.0,69.0,72.0,76.0,79.0,81.0,81,75.6,8.5,52,81.0,1
Richard Rios Montoya,Richard Rios Montoya,Colombia,CM,CM,SL Benfica,Primeira Liga,25,81.0,70.0,77.0,82.0,72.0,82.0,79,77.8,8.75,8,79.0,1
Jhon Jáder Durán Palacio,Jhon Jáder Durán Palacio,Colombia,ST,ST,Fenerbahçe SK,Süper Lig,21,81.0,81.0,63.0,75.0,32.0,80.0,79,69.4,6.5,8,79.0,1
Johan Andrés Mojica Palacio,Johan Andrés Mojica Palacio,Colombia,LB,LB,RCD Mallorca,La Liga,32,88.0,65.0,73.0,73.0,74.0,70.0,78,75.0,11.25,8,78.0,1
Cristian Daniel Arango Duque,Cristian Daniel Arango Duque,Colombia,ST,ST,San Jose Earthquakes,Major League Soccer,30,75.0,79.0,71.0,77.0,36.0,74.0,78,73.80000000000001,9.75,8,78.0,1
Juan Camilo Hernández Suárez,Juan Camilo Hernández Suárez,Colombia,ST,ST,Real Betis Balompié,La Liga,26,81.0,77.0,75.0,81.0,42.0,78.0,78,76.2,8.75,8,78.0,1
Jhon Adolfo Arias Andrade,Jhon Adolfo Arias Andrade,Colombia,RW,RW,Wolverhampton Wanderers,Premier League,27,85.0,75.0,74.0,79.0,42.0,68.0,78,75.6,8.75,8,78.0,1
Jefferson Andrés Lerma Solís,Jefferson Andrés Lerma Solís,Colombia,CDM,CDM,Crystal Palace,Premier League,30,68.0,71.0,70.0,74.0,76.0,79.0,77,72.8,11.5,8,77.0,1
Luis Javier Suárez Charris,Luis Javier Suárez Charris,Colombia,ST,ST,Sporting CP,Primeira Liga,27,83.0,77.0,66.0,75.0,38.0,78.0,77,70.4,7.75,30,77.0,1
Juan Fernando Quintero Paniagua,Juan Fernando Quintero Paniagua,Colombia,CAM,CAM,River Plate,Liga Profesional de Fútbol,32,62.0,76.0,79.0,81.0,41.0,54.0,77,78.2,12.25,30,77.0,1
Kevin Duván Castaño Gil,Kevin Duván Castaño Gil,Colombia,CM,CM,River Plate,Liga Profesional de Fútbol,24,76.0,68.0,76.0,76.0,72.0,75.0,77,76.4,10.5,8,77.0,1
Yerry Fernando Mina González,Yerry Fernando Mina González,Colombia,CB,CB,Cagliari,Serie A,30,34.0,50.0,52.0,55.0,77.0,84.0,77,62.0,9.75,30,77.0,1
Jhon Janer Lucumí Bonilla,Jhon Janer Lucumí Bonilla,Colombia,CB,CB,Bologna,Serie A,27,65.0,38.0,62.0,61.0,77.0,78.0,76,67.6,8.0,8,76.0,1
David Ospina Ramírez,David Ospina Ramírez,Colombia,GK,GK,Atlético Nacional,Categoría Primera A,36,45.0,45.0,45.0,45.0,45.0,45.0,76,76.0,76.25,30,76.0,1
Deiver Andrés Machado Mena,Deiver Andrés Machado Mena,Colombia,LB,LB,RC Lens,Ligue 1,31,84.0,69.0,71.0,76.0,71.0,76.0,76,73.0,12.0,8,76.0,1
Juan Guillermo Cuadrado Bello,Juan Guillermo Cuadrado Bello,Colombia,RM,RM,Pisa,Serie A,37,77.0,72.0,76.0,78.0,74.0,61.0,76,76.0,6.25,52,76.0,1
Jaminton Leandro Campaz,Jaminton Leandro Campaz,Colombia,LM,LM,Rosario Central,Liga Profesional de Fútbol,25,85.0,72.0,72.0,77.0,30.0,57.0,76,73.6,8.5,8,76.0,1
Andrés Mateus Uribe Villa,Andrés Mateus Uribe Villa,Colombia,CM,CM,Atlético Nacional,Categoría Primera A,34,72.0,74.0,74.0,75.0,74.0,74.0,76,74.8,12.5,52,76.0,1
Álvaro David Montero Perales,Álvaro David Montero Perales,Colombia,GK,GK,Vélez Sarsfield,Liga Profesional de Fútbol,30,45.0,45.0,45.0,45.0,45.0,45.0,75,75.0,75.0,8,75.0,1
Yeimar Pastor Gómez Andrade,Yeimar Pastor Gómez Andrade,Colombia,CB,CB,Seattle Sounders FC,Major League Soccer,33,63.0,33.0,48.0,58.0,74.0,85.0,75,58.8,12.0,8,75.0,1
Johan Sebastián Romaña Espitia,Johan Sebastián Romaña Espitia,Colombia,CB,CB,San Lorenzo de Almagro,Liga Profesional de Fútbol,26,67.0,29.0,50.0,51.0,73.0,81.0,74,59.6,7.75,8,74.0,1
William José Tesillo Gutiérrez,William José Tesillo Gutiérrez,Colombia,CB,CB,Atlético Nacional,Categoría Primera A,35,64.0,29.0,62.0,67.0,76.0,74.0,74,66.8,11.75,8,74.0,1
Aldair Alejandro Quintana Rojas,Aldair Alejandro Quintana Rojas,Colombia,GK,GK,Atlético Bucaramanga,Categoría Primera A,30,45.0,45.0,45.0,45.0,45.0,45.0,72,72.0,72.0,8,72.0,1
Jude Victor William Bellingham,Jude Victor William Bellingham,England,CAM,CAM,Real Madrid,La Liga,22,80.0,86.0,83.0,90.0,78.0,85.0,90,85.8,9.5,96,90.0,1
Harry Edward Kane,Harry Edward Kane,England,ST,ST,FC Bayern München,Bundesliga,31,64.0,92.0,83.0,82.0,48.0,82.0,89,85.4,10.75,96,89.0,1
Bukayo Saka,Bukayo Saka,England,RW,RW,Arsenal,Premier League,23,84.0,82.0,85.0,88.0,60.0,73.0,88,86.2,9.25,74,88.0,1
Declan Rice,Declan Rice,England,CDM,CDM,Arsenal,Premier League,26,72.0,73.0,84.0,80.0,83.0,83.0,87,85.2,8.25,74,87.0,1
Cole Jermaine Palmer,Cole Jermaine Palmer,England,CAM,CAM,Chelsea,Premier League,23,75.0,83.0,87.0,87.0,50.0,65.0,87,87.0,10.25,74,87.0,1
Trent John Alexander-Arnold,Trent John Alexander-Arnold,England,RB,RB,Real Madrid,La Liga,26,76.0,72.0,89.0,80.0,80.0,74.0,86,87.8,10.5,74,86.0,1
Philip Walter Foden,Philip Walter Foden,England,RW,RW,Manchester City,Premier League,25,81.0,81.0,82.0,89.0,57.0,57.0,85,83.19999999999999,11.5,52,85.0,1
Oliver George Arthur Watkins,Oliver George Arthur Watkins,England,ST,ST,Aston Villa,Premier League,29,77.0,83.0,73.0,80.0,50.0,80.0,84,77.4,11.0,52,84.0,1
James Daniel Maddison,James Daniel Maddison,England,CM,CM,Tottenham Hotspur,Premier League,28,67.0,81.0,86.0,85.0,58.0,64.0,84,85.2,12.75,52,84.0,1
Jordan Lee Pickford,Jordan Lee Pickford,England,GK,GK,Everton,Premier League,31,45.0,45.0,45.0,45.0,45.0,45.0,84,84.0,82.5,52,84.0,1
Anthony Michael Gordon,Anthony Michael Gordon,England,LW,LW,Newcastle United,Premier League,24,91.0,79.0,78.0,83.0,50.0,72.0,83,80.0,6.5,52,83.0,1
Jarrod Bowen,Jarrod Bowen,England,RM,RM,West Ham United,Premier League,28,76.0,81.0,78.0,82.0,46.0,70.0,83,80.0,9.75,52,83.0,1
Eberechi Oluchi Eze,Eberechi Oluchi Eze,England,CAM,CAM,Arsenal,Premier League,27,74.0,80.0,81.0,87.0,50.0,68.0,83,81.80000000000001,11.5,52,83.0,1
Benjamin William White,Benjamin William White,England,RB,RB,Arsenal,Premier League,27,70.0,35.0,75.0,75.0,83.0,78.0,83,78.2,7.5,52,83.0,1
John Stones,John Stones,England,CB,CB,Manchester City,Premier League,31,64.0,58.0,74.0,75.0,84.0,72.0,82,77.2,10.0,52,82.0,1
Addji Keaninkin Marc-Israel Guéhi,Addji Keaninkin Marc-Israel Guéhi,England,CB,CB,Crystal Palace,Premier League,24,69.0,39.0,69.0,73.0,83.0,78.0,82,74.2,10.25,52,82.0,1
Ezri Konsa Ngoyo,Ezri Konsa Ngoyo,England,CB,CB,Aston Villa,Premier League,27,75.0,53.0,71.0,75.0,84.0,78.0,82,75.4,11.0,52,82.0,1
Morgan Anthony Gibbs-White,Morgan Anthony Gibbs-White,England,CAM,CAM,Nottingham Forest,Premier League,25,75.0,77.0,82.0,84.0,60.0,72.0,82,82.0,10.0,52,82.0,1
Morgan Elliot Rogers,Morgan Elliot Rogers,England,CAM,CAM,Aston Villa,Premier League,22,77.0,77.0,79.0,84.0,67.0,79.0,82,80.2,10.0,52,82.0,1
Oluwafikayomi Oluwadamilola Tomori,Oluwafikayomi Oluwadamilola Tomori,England,CB,CB,AC Milan,Serie A,27,81.0,40.0,60.0,67.0,82.0,78.0,81,68.4,10.25,52,81.0,1
Nicholas David Pope,Nicholas David Pope,England,GK,GK,Newcastle United,Premier League,33,45.0,45.0,45.0,45.0,45.0,45.0,81,81.0,80.5,52,81.0,1
Dean Bradley Henderson,Dean Bradley Henderson,England,GK,GK,Crystal Palace,Premier League,28,45.0,45.0,45.0,45.0,45.0,45.0,81,81.0,80.5,52,81.0,1
Reece James,Reece James,England,RB,RB,Chelsea,Premier League,25,76.0,71.0,82.0,77.0,81.0,81.0,81,81.6,11.0,52,81.0,1
Ivan Benjamin Elijah Toney,Ivan Benjamin Elijah Toney,England,ST,ST,Al Ahli SFC,Pro League,29,78.0,82.0,71.0,75.0,51.0,81.0,81,75.0,9.75,8,81.0,1
Kieran John Trippier,Kieran John Trippier,England,RB,RB,Newcastle United,Premier League,34,66.0,65.0,83.0,77.0,80.0,71.0,80,81.8,11.5,52,80.0,1
Valentino Francisco Livramento,Valentino Francisco Livramento,England,RB,RB,Newcastle United,Premier League,22,82.0,51.0,72.0,78.0,76.0,74.0,80,75.19999999999999,12.0,8,80.0,1
Joško Gvardiol,Joško Gvardiol,Croatia,LB,LB,Manchester City,Premier League,23,78.0,71.0,75.0,78.0,84.0,82.0,84,78.6,8.25,52,84.0,1
Mateo Kovačić,Mateo Kovačić,Croatia,CM,CM,Manchester City,Premier League,31,67.0,74.0,81.0,83.0,73.0,72.0,83,81.80000000000001,7.0,52,83.0,1
Luka Modrić,Luka Modrić,Croatia,CM,CM,AC Milan,Serie A,39,68.0,74.0,86.0,86.0,70.0,62.0,83,84.80000000000001,11.25,52,83.0,1
Ante Budimir,Ante Budimir,Croatia,ST,ST,CA Osasuna,La Liga,33,59.0,84.0,63.0,76.0,35.0,80.0,82,70.6,14.0,52,82.0,1
Andrej Kramarić,Andrej Kramarić,Croatia,CAM,CAM,TSG 1899 Hoffenheim,Bundesliga,34,67.0,82.0,78.0,84.0,33.0,73.0,81,79.19999999999999,11.0,52,81.0,1
Ivan Perišić,Ivan Perišić,Croatia,RW,RW,PSV,Eredivisie,36,75.0,80.0,81.0,79.0,69.0,75.0,81,81.0,7.0,52,81.0,1
Marcelo Brozović,Marcelo Brozović,Croatia,CDM,CDM,Al Nassr,Pro League,32,63.0,73.0,78.0,79.0,78.0,80.0,81,79.19999999999999,8.75,52,81.0,1
Mario Pašalić,Mario Pašalić,Croatia,CM,CM,Atalanta,Serie A,30,69.0,78.0,77.0,81.0,67.0,76.0,80,78.19999999999999,12.75,52,80.0,1
Dominik Livaković,Dominik Livaković,Croatia,GK,GK,Girona FC,La Liga,30,45.0,45.0,45.0,45.0,45.0,45.0,80,80.0,79.75,52,80.0,1
Nikola Vlašić,Nikola Vlašić,Croatia,CAM,CAM,Torino,Serie A,27,74.0,76.0,76.0,81.0,57.0,70.0,79,77.2,10.75,30,79.0,1
Marko Livaja,Marko Livaja,Croatia,ST,ST,Hajduk Split,Hrvatska nogometna liga,31,63.0,82.0,77.0,79.0,43.0,82.0,79,77.8,12.75,8,79.0,1
Lovro Majer,Lovro Majer,Croatia,CM,CM,VfL Wolfsburg,Bundesliga,27,70.0,73.0,80.0,83.0,60.0,70.0,78,79.2,8.0,30,78.0,1
Luka Sučić,Luka Sučić,Croatia,CM,CM,Real Sociedad,La Liga,22,76.0,76.0,78.0,77.0,68.0,72.0,78,78.0,11.25,8,78.0,1
Josip Šutalo,Josip Šutalo,Croatia,CB,CB,Ajax,Eredivisie,25,77.0,32.0,62.0,72.0,78.0,80.0,78,68.4,12.0,8,78.0,1
Josip Stanišić,Josip Stanišić,Croatia,CB,CB,FC Bayern München,Bundesliga,25,73.0,44.0,65.0,69.0,79.0,74.0,78,70.2,9.5,8,78.0,1
Dominik Kotarski,Dominik Kotarski,Croatia,GK,GK,FC København,Superliga,25,45.0,45.0,45.0,45.0,45.0,45.0,77,77.0,76.0,8,77.0,1
Petar Musa,Petar Musa,Croatia,ST,ST,FC Dallas,Major League Soccer,27,82.0,75.0,61.0,71.0,41.0,81.0,76,67.0,10.5,8,76.0,1
Bruno Petković,Bruno Petković,Croatia,ST,ST,Kocaelispor,Süper Lig,30,68.0,73.0,78.0,77.0,41.0,75.0,76,77.2,12.5,8,76.0,1
Kristijan Kahlina,Kristijan Kahlina,Croatia,GK,GK,Charlotte FC,Major League Soccer,32,45.0,45.0,45.0,45.0,45.0,45.0,75,75.0,75.5,8,75.0,1
Franjo Ivanović,Franjo Ivanović,Croatia,ST,ST,SL Benfica,Primeira Liga,21,72.0,78.0,66.0,74.0,29.0,72.0,75,69.6,10.0,8,75.0,1
Josip Juranović,Josip Juranović,Croatia,RB,RB,1. FC Union Berlin,Bundesliga,29,79.0,64.0,75.0,74.0,71.0,66.0,75,75.0,11.75,8,75.0,1
Tin Jedvaj,Tin Jedvaj,Croatia,CB,CB,Panathinaikos FC,Super League,29,70.0,51.0,57.0,64.0,74.0,76.0,74,63.8,12.5,8,74.0,1
Duje Ćaleta-Car,Duje Ćaleta-Car,Croatia,CB,CB,Real Sociedad,La Liga,28,58.0,39.0,55.0,59.0,74.0,76.0,74,62.6,8.75,30,74.0,1
Domagoj Vida,Domagoj Vida,Croatia,CB,CB,AEK Athens,Super League,36,61.0,41.0,59.0,57.0,76.0,76.0,74,65.0,11.5,8,74.0,1
Marin Pongračić,Marin Pongračić,Croatia,CB,CB,Fiorentina,Serie A,27,61.0,26.0,52.0,62.0,74.0,76.0,74,60.8,6.25,8,74.0,1
Toni Borevković,Toni Borevković,Croatia,CB,CB,Samsunspor,Süper Lig,28,45.0,30.0,47.0,49.0,74.0,80.0,73,57.400000000000006,12.0,8,73.0,1
Iñaki Williams Arthuer,Iñaki Williams Arthuer,Ghana,RM,RM,Athletic Club,La Liga,31,94.0,81.0,74.0,80.0,45.0,84.0,83,77.6,13.0,52,83.0,1
Thomas Teye Partey,Thomas Teye Partey,Ghana,CDM,CDM,Villarreal CF,La Liga,32,59.0,71.0,80.0,77.0,80.0,82.0,83,81.2,10.0,52,83.0,1
Mohammed Kudus,Mohammed Kudus,Ghana,RW,RW,Tottenham Hotspur,Premier League,24,89.0,76.0,72.0,86.0,60.0,74.0,80,75.19999999999999,8.75,52,80.0,1
Antoine Serlom Semenyo,Antoine Serlom Semenyo,Ghana,RM,RM,AFC Bournemouth,Premier League,25,80.0,78.0,73.0,81.0,40.0,79.0,80,75.8,10.75,52,80.0,1
Alexander Kwabena Baidoo Djiku,Alexander Kwabena Baidoo Djiku,Ghana,CB,CB,,nan,30,73.0,44.0,66.0,68.0,77.0,80.0,77,70.4,9.75,30,77.0,1
Khalid Abdul Mumin Suleman,Khalid Abdul Mumin Suleman,Ghana,CB,CB,Rayo Vallecano,La Liga,27,76.0,49.0,61.0,69.0,77.0,76.0,77,67.4,9.75,8,77.0,1
Mohamed Salisu Abdul Karim,Mohamed Salisu Abdul Karim,Ghana,CB,CB,AS Monaco,Ligue 1,26,59.0,36.0,50.0,54.0,77.0,80.0,76,60.400000000000006,7.5,8,76.0,1
Abdul Rahman Baba,Abdul Rahman Baba,Ghana,LB,LB,PAOK,Super League,30,77.0,66.0,69.0,74.0,72.0,78.0,76,71.8,11.0,8,76.0,1
Joseph Martin Paintsil,Joseph Martin Paintsil,Ghana,LM,LM,LA Galaxy,Major League Soccer,27,90.0,70.0,68.0,80.0,35.0,67.0,76,71.2,11.25,8,76.0,1
Issahaku Abdul Fatawu,Issahaku Abdul Fatawu,Ghana,RM,RM,Leicester City,Championship,21,83.0,73.0,74.0,78.0,46.0,64.0,76,74.8,8.0,8,76.0,1
Ernest Nuamah Appiah,Ernest Nuamah Appiah,Ghana,RM,RM,Olympique Lyonnais,Ligue 1,21,82.0,70.0,69.0,78.0,24.0,58.0,75,71.4,10.25,8,75.0,1
Joseph Aidoo,Joseph Aidoo,Ghana,CB,CB,RC Celta,La Liga,29,69.0,27.0,46.0,50.0,74.0,80.0,75,57.599999999999994,9.0,8,75.0,1
Gideon Mensah,Gideon Mensah,Ghana,LB,LB,AJ Auxerre,Ligue 1,26,76.0,57.0,65.0,72.0,68.0,67.0,74,68.6,10.0,8,74.0,1
Alidu Seidu,Alidu Seidu,Ghana,CB,CB,Stade Rennais FC,Ligue 1,25,61.0,43.0,61.0,70.0,75.0,67.0,74,66.2,10.25,8,74.0,1
Emanuel Quartsin Gyasi,Emanuel Quartsin Gyasi,Ghana,RM,RM,Palermo FC,Serie B,31,79.0,64.0,67.0,74.0,48.0,68.0,74,69.8,9.75,8,74.0,1
Jeffrey Schlupp,Jeffrey Schlupp,Ghana,LB,LB,Norwich City,Championship,32,76.0,71.0,68.0,73.0,70.0,74.0,73,70.0,8.75,8,73.0,1
Lawrence Ati Zigi,Lawrence Ati Zigi,Ghana,GK,GK,FC St.Gallen 1879,Super League,28,45.0,45.0,45.0,45.0,45.0,45.0,73,73.0,72.25,8,73.0,1
Tariq Kwame Nii-Lante Lamptey,Tariq Kwame Nii-Lante Lamptey,Ghana,RB,RB,Fiorentina,Serie A,24,84.0,44.0,66.0,76.0,69.0,49.0,73,68.80000000000001,11.5,8,73.0,1
Jordan Pierre Ayew,Jordan Pierre Ayew,Ghana,RM,RM,Leicester City,Championship,33,66.0,73.0,70.0,75.0,56.0,71.0,73,71.2,9.5,8,73.0,1
Osman Bukari,Osman Bukari,Ghana,RW,RW,Austin FC,Major League Soccer,26,85.0,67.0,62.0,76.0,37.0,66.0,72,66.0,8.25,8,72.0,1
Emmanuel Okyere Boateng,Emmanuel Okyere Boateng,Ghana,ST,ST,Gaziantep FK,Süper Lig,29,91.0,71.0,61.0,72.0,39.0,74.0,72,65.4,13.5,8,72.0,1
André Morgan Rami Ayew,André Morgan Rami Ayew,Ghana,ST,ST,,nan,35,52.0,73.0,72.0,72.0,55.0,64.0,72,72.0,9.5,8,72.0,1
Mohammed Gadafi Fuseini,Mohammed Gadafi Fuseini,Ghana,ST,ST,Union Saint-Gilloise,Pro League,23,89.0,72.0,60.0,75.0,27.0,56.0,71,64.4,8.5,8,71.0,1
Richard Ofori Antwi,Richard Ofori Antwi,Ghana,GK,GK,,nan,31,45.0,45.0,45.0,45.0,45.0,45.0,71,71.0,70.25,8,71.0,1
Ransford Yeboah Königsdörffer,Ransford Yeboah Königsdörffer,Ghana,ST,ST,Hamburger SV,Bundesliga,23,81.0,69.0,64.0,74.0,42.0,64.0,71,66.8,9.5,8,71.0,1
Joseph Tetteh Anang,Joseph Tetteh Anang,Ghana,GK,GK,St Patrick's Athletic FC,Premier Division,25,45.0,45.0,45.0,45.0,45.0,45.0,67,67.0,67.0,8,67.0,1
Michael Amir Murillo Bermúdez,Michael Amir Murillo Bermúdez,Panama,RB,RB,Olympique de Marseille,Ligue 1,29,84.0,57.0,70.0,71.0,70.0,76.0,76,72.4,11.25,8,76.0,1
Luis Ricardo Mejía Cajar,Luis Ricardo Mejía Cajar,Panama,GK,GK,Club Nacional de Football,Primera División,34,45.0,45.0,45.0,45.0,45.0,45.0,72,72.0,70.5,8,72.0,1
Orlando Mosquera,Orlando Mosquera,Panama,GK,GK,Al Fayha,Pro League,30,45.0,45.0,45.0,45.0,45.0,45.0,70,70.0,69.25,8,70.0,1
Aníbal Casis Godoy Lemus,Aníbal Casis Godoy Lemus,Panama,CM,CM,San Diego FC,Major League Soccer,35,43.0,56.0,65.0,67.0,64.0,75.0,70,67.0,9.5,8,70.0,1
Andrés Alberto Andrade Cedeño,Andrés Alberto Andrade Cedeño,Panama,CB,CB,LASK Linz,Bundesliga,26,74.0,51.0,60.0,64.0,68.0,79.0,69,63.6,7.75,8,69.0,1
Eduardo Antonio Guerrero Locano,Eduardo Antonio Guerrero Locano,Panama,ST,ST,Dynamo Kyiv,Premier League,25,75.0,68.0,65.0,73.0,21.0,66.0,69,66.6,8.25,8,69.0,1
José Ángel Córdoba Chambers,José Ángel Córdoba Chambers,Panama,CB,CB,Norwich City,Championship,24,72.0,31.0,53.0,61.0,65.0,73.0,68,59.0,10.0,8,68.0,1
José Fajardo Nelson,José Fajardo Nelson,Panama,ST,ST,Universidad Católica del Ecuador,Serie A,31,69.0,68.0,58.0,68.0,33.0,68.0,68,62.0,9.0,8,68.0,1
Edward Cedeño,Edward Cedeño,Panama,CM,CM,UD Las Palmas,La Liga 2,21,68.0,56.0,61.0,66.0,67.0,74.0,66,63.0,12.0,8,66.0,1
Azarias Emmanuel Londoño González,Azarias Emmanuel Londoño González,Panama,ST,ST,Universidad Católica del Ecuador,Serie A,24,69.0,65.0,66.0,68.0,33.0,60.0,65,65.6,9.0,8,65.0,1
Carlos Miguel Harvey Cesneros,Carlos Miguel Harvey Cesneros,Panama,CB,CB,Minnesota United FC,Major League Soccer,25,53.0,42.0,54.0,58.0,64.0,73.0,65,58.4,10.25,8,65.0,1
Leslie Eduardo Heráldez Sevillano,Leslie Eduardo Heráldez Sevillano,Panama,CDM,CDM,Caracas FC,Primera Division,32,70.0,47.0,66.0,57.0,61.0,50.0,64,65.2,8.75,8,64.0,1
Martín Wilhelm Krug,Martín Wilhelm Krug,Panama,CB,CB,Levante UD,La Liga,18,58.0,30.0,44.0,49.0,61.0,69.0,62,51.2,12.75,8,62.0,1
Omar Javier Valencia Arauz,Omar Javier Valencia Arauz,Panama,LB,LB,New York Red Bulls,Major League Soccer,21,59.0,45.0,58.0,56.0,58.0,55.0,59,58.4,9.25,8,59.0,1
Rafael Antonio Mosquera Díaz,Rafael Antonio Mosquera Díaz,Panama,LW,LW,New York Red Bulls,Major League Soccer,20,82.0,52.0,44.0,55.0,37.0,51.0,54,48.0,11.0,8,54.0,1
